ID,TaggingEvent,Date,Crew,Site,Peddle Time (min),Species,TL (mm),High Tag,Reward Tag #,2nd Reward Tag #,Num tagged,Radio Tag Frequency,Code,Combined
1,1,1/25/22,NCAT,126,53,ALB,445,242,242,241,2,148.011,,
2,1,1/19/22,NCAT,52,37,LMB,428,1018,1007,1018,2,148.021,,
3,1,1/17/22,NCAT,54,45,LMB,460,277,277,NA,1,148.031,,
4,1,1/27/22,TJMAX,61,21:49,ALB,450,1392,1392,NA,1,148.041,,
5,1,1/17/22,NCAT,3,43,ALB,459,296,293,296,2,148.053,,
6,1,1/17/22,TJMAX,27,50:15:00,LMB,415,935,935,NA,1,148.062,,
7,1,1/19/22,TJMAX,75,50:27:00,LMB,371,2035,2035,NA,1,148.072,,
8,1,1/11/22,TJMAX,60,70,ALB,365,680,680,NA,1,148.081,,
9,1,1/25/22,NCAT,128,68,ALB,419,231,231,NA,1,148.092,,
10,1,1/25/22,NCAT,128,68,ALB,477,1066,1056,1066,2,148.103,,
11,1,1/17/22,TJMAX,24,34:40:00,LMB,413,1261,1261,NA,1,148.112,,
12,1,1/25/22,NCAT,96,23,ALB,465,433,433,429,2,148.122,,
13,1,1/14/22,TJMAX,184,38:40:00,ALB,500,936,936,NA,1,148.132,,
14,1,1/26/22,NCAT,88,120,ALB,434,2282,2282,NA,1,148.141,,
15,1,1/18/22,TJMAX,58,45:25:00,LMB,423,949,949,905,2,148.152,,
16,1,1/18/22,NCAT,39,43,LMB,478,1050,1050,NA,1,148.162,,
17,1,1/14/22,TJMAX,17,43:30:00,LMB,440,1290,1290,NA,1,148.172,,
18,1,1/17/22,TJMAX,152,34:42:00,LMB,434,1272,1272,NA,1,148.182,,
19,1,1/18/22,TJMAX,33,49:22:00,ALB,421,779,755,779,2,148.193,,
20,1,1/18/22,NCAT,39,43,LMB,420,1005,1004,1005,2,148.203,,
21,1,1/19/22,NCAT,50,37,LMB,395,2317,2317,NA,1,148.211,,
22,1,1/25/22,NCAT,125,46,ALB,387,240,240,NA,1,148.221,,
23,1,1/12/22,TJMAX,64,40:41:00,LMB,436,602,602,NA,1,148.232,,
24,1,1/26/22,NCAT,88,120,ALB,417,1192,1065,1192,2,148.251,,
25,1,1/17/22,TJMAX,25,41:47:00,LMB,363,1289,1289,NA,1,148.261,,
26,1,1/25/22,NCAT,128,68,ALB,397,226,226,NA,1,148.291,,
27,1,1/20/22,NCAT,127,65,ALB,468,2338,2338,2321,2,148.311,,
28,1,1/18/22,NCAT,55,30,LMB,472,447,447,NA,1,148.323,,
29,1,1/26/22,NCAT,90,111,ALB,443,2262,2252,2262,2,148.332,,
30,1,1/13/22,TJMAX,70,39:53:00,LMB,416,1252,1252,NA,1,148.343,,
31,1,1/25/22,NCAT,125,46,ALB,358,1177,1177,1162,2,148.352,,
32,1,1/25/22,NCAT,128,108,ALB,412,237,236,237,2,148.361,,
33,1,1/26/22,NCAT,90,111,ALB,390,362,362,NA,1,148.575,,
34,1,1/20/22,NCAT,127,1:05,LMB,484,1026,1022,1026,2,148.585,,
35,1,1/14/22,NCAT,8,28,ALB,527,2268,2268,NA,1,148.594,,
36,1,1/13/22,NCAT,85,35,LMB,452,498,498,NA,1,148.605,,
37,1,1/17/22,NCAT,3,43,LMB,437,275,275,273,2,148.621,,
38,1,1/26/22,TJMAX,66,23:19,ALB,460,954,954,NA,1,148.652,,
39,1,1/18/22,NCAT,34,47,ALB,385,1041,1041,NA,1,148.681,,
40,1,1/11/22,TJMAX,60,70,LMB,485,1247,1247,NA,1,148.711,,
41,1,1/13/22,TJMAX,160,40:57:00,LMB,405,614,614,NA,1,148.741,,
42,1,1/13/22,NCAT,136,20,LMB,411,1060,1060,NA,1,148.801,,
43,1,1/19/22,NCAT,45,30,LMB,418,1043,1043,NA,1,148.831,,
44,1,1/20/22,NCAT,91,43,ALB,384,444,444,NA,1,148.861,,
45,1,1/13/22,NCAT,86,35,ALB,457,493,493,483,2,148.89,,
46,1,1/14/22,NCAT,11,40,ALB,413,259,259,NA,1,148.954,,
47,1,1/11/22,TJMAX,174,40:14:00,LMB,441,1212,1212,NA,1,148.982,,
48,1,1/25/22,NCAT,126,53,ALB,444,1187,1187,NA,1,149.001,,
49,1,1/11/22,NCAT,122,46,LMB,488,632,632,NA,1,149.212,,
50,1,1/27/22,NCAT,35,120,ALB,380,1175,1129,1175,2,149.713,,
51,1,1/21/22,NCAT,35,47,LMB,532,416,416,NA,1,149.241,,
52,1,1/26/22,NCAT,88,120,ALB,446,222,222,NA,1,149.264,,
53,1,1/24/22,TJMAX,200,NA,ALB,490,1305,1305,NA,1,149.272,,
54,1,1/26/22,TJMAX,66,23:19,ALB,386,977,977,NA,1,149.291,,
55,1,1/25/22,NCAT,128,68,ALB,425,230,230,NA,1,149.313,,
56,1,1/21/22,NCAT,40,1:15,LMB,455,1035,1035,NA,1,149.334,,
57,1,1/26/22,NCAT,90,111,ALB,374,1176,1176,missing,1,149.351,,
58,1,1/13/22,TJMAX,70,39:53:00,LMB,464,1255,1255,NA,1,149.363,,
59,1,1/11/22,TJMAX,171,40,LMB,519,1206,1206,NA,1,149.372,,
60,1,1/21/22,TJMAX,130,38:45:00,LMB,382,866,866,NA,1,149.383,,
61,1,1/20/22,NCAT,115,27,ALB,419,2302,2302,NA,1,149.393,,
62,1,1/26/22,TJMAX,7,42:15:00,ALB,380,1338,1338,NA,1,149.412,,
63,1,1/25/22,TJMAX,83,38:07:00,ALB,435,978,964,978,2,149.421,,
64,1,1/21/22,TJMAX,132,34:20:00,ALB,416,1282,1282,NA,1,149.432,,
65,1,1/26/22,TJMAX,66,33:39:00,ALB,472,1348,1344,1348,2,149.442,,
66,1,1/26/22,TJMAX,11,20:50,ALB,479,1349,1349,NA,1,149.453,,
67,1,1/19/22,TJMAX,145,37:51:00,LMB,398,827,827,NA,1,149.473,,
68,1,1/26/22,TJMAX,66,33:39:00,ALB,393,969,969,963,2,149.483,,
69,1,1/21/22,NCAT,40,115,ALB,497,395,395,NA,1,149.493,,
70,1,1/25/22,NCAT,91,47,ALB,424,1082,1082,NA,1,149.503,,
71,1,1/26/22,TJMAX,7,12:41,LMB,504,2022,2022,NA,1,149.513,,
72,1,1/27/22,NCAT,41,26,ALB,439,1158,1158,1067,2,149.534,,
73,1,1/13/22,NCAT,86,35,LMB,491,477,452,477,2,149.542,,
74,1,1/12/22,NCAT,88,46,LMB,387,1232,1232,NA,1,149.556,,
75,1,1/14/22,NCAT,9,35,LMB,512,1053,1053,NA,1,149.564,,
76,1,1/19/22,TJMAX,149,35:02:00,LMB,355,2015,2015,NA,1,149.573,,
77,1,1/26/22,NCAT,83,16,ALB,416,555,555,NA,1,149.595,,
78,1,1/12/22,NCAT,88,46,ALB,445,1220,1220,NA,1,149.604,,
79,1,1/18/22,TJMAX,33,49:22:00,LMB,532,930,916,930,2,149.613,,
80,1,1/13/22,TJMAX,71,41:34:00,LMB,494,1238,1238,NA,1,149.623,,
81,1,1/12/22,NCAT,126,46,ALB,464,2237,2237,NA,1,149.632,,
82,1,1/17/22,TJMAX,192,35:30:00,ALB,392,754,754,NA,1,149.645,,
83,1,1/21/22,TJMAX,130,38:45:00,LMB,388,909,909,NA,1,149.653,,
84,1,1/28/22,NCAT,183,105,LMB,531,245,245,NA,1,149.664,,
85,1,1/14/22,TJMAX,16,36:27:00,LMB,356,1275,1275,NA,1,149.673,,
86,1,1/14/22,NCAT,11,40,LMB,459,254,254,NA,1,149.684,,
87,1,1/14/22,TJMAX,190,NA,LMB,355,904,904,NA,1,149.693,,
88,1,1/14/22,TJMAX,13,37:16:00,LMB,447,1298,1298,NA,1,149.704,,
89,1,1/26/22,NCAT,90,111,ALB,415,1074,1074,NA,1,149.721,,
90,1,1/21/22,TJMAX,82,36:20:00,LMB,372,2007,2007,NA,1,149.732,,
91,1,1/26/22,NCAT,90,111,ALB,483,1064,1064,NA,1,149.742,,
92,1,1/12/22,TJMAX,163,45,LMB,412,1237,1237,NA,1,149.753,,
93,1,1/12/22,NCAT,88,46,LMB,506,1224,1224,NA,1,149.761,,
94,1,1/26/22,NCAT,88,120,ALB,405,1193,1193,NA,1,149.772,,
95,1,1/19/22,TJMAX,80,33:22:00,LMB,360,1339,1339,NA,1,149.781,,
96,1,1/13/22,TJMAX,155,34:24:00,LMB,450,1245,1245,NA,1,149.794,,
97,1,1/25/22,NCAT,91,47,ALB,466,2279,2279,NA,1,149.802,,
98,1,1/27/22,TJMAX,61,28:27:00,ALB,430,1337,1337,NA,1,148.24,,
99,1,1/22/22,TJMAX,67,41:37:00,LMB,391,945,854,945,2,148.3,,
100,1,1/14/22,NCAT,201,45,LMB,459,488,455,488,2,148.77,,
101,1,1/11/22,TJMAX,60,70,ALB,330,682,680,682,2,NA,,
102,1,1/11/22,TJMAX,170,45,ALB,415,1243,1243,NA,1,NA,,
103,1,1/11/22,TJMAX,174,40:14:00,ALB,330,651,651,NA,1,NA,,
104,1,1/11/22,TJMAX,175,43:20:00,ALB,325,684,684,661,2,NA,,
105,1,1/12/22,TJMAX,62,40:21:00,ALB,421,1249,1249,NA,1,NA,,
106,1,1/13/22,TJMAX,159,NA,ALB,470,606,606,NA,1,NA,,
107,1,1/14/22,TJMAX,16,36:27:00,ALB,510,919,770,919,2,NA,,
108,1,1/14/22,TJMAX,17,43:40:00,ALB,460,1291,1291,NA,1,NA,,
109,1,1/14/22,TJMAX,185,29:30:00,ALB,445,831,831,NA,1,NA,,
110,1,1/14/22,TJMAX,185,29:30:00,ALB,420,1284,1284,1273,2,NA,,
111,1,1/14/22,TJMAX,186,NA,ALB,410,769,769,NA,1,NA,,
112,1,1/14/22,TJMAX,190,NA,ALB,444,771,771,NA,1,NA,,
113,1,1/14/22,TJMAX,191,33:36:00,ALB,324,950,950,819,2,NA,,
114,1,1/14/22,TJMAX,191,33:36:00,ALB,306,1262,1262,NA,1,NA,,
115,1,1/17/22,TJMAX,192,35:30:00,ALB,370,1295,1295,NA,1,NA,,
116,1,1/17/22,TJMAX,24,34:40:00,ALB,472,940,940,921,2,NA,,
117,1,1/17/22,TJMAX,25,41:47:00,ALB,457,937,937,NA,1,NA,,
118,1,1/17/22,TJMAX,25,41:47:00,ALB,450,1216,1216,NA,1,NA,,
119,1,1/18/22,TJMAX,31,41:43:00,ALB,430,884,788,884,2,NA,,
120,1,1/18/22,TJMAX,33,49:22:00,ALB,375,1326,1326,NA,1,NA,,
121,1,1/18/22,TJMAX,33,49:22:00,ALB,380,932,932,NA,1,NA,,
122,1,1/19/22,TJMAX,149,35:02:00,ALB,473,875,875,NA,1,NA,,
123,1,1/19/22,TJMAX,149,35:02:00,ALB,415,2009,2009,NA,1,NA,,
124,1,1/20/22,TJMAX,11,43:32:00,ALB,413,1314,1297,1314,2,NA,,
125,1,1/20/22,TJMAX,8,40:00:00,ALB,443,820,820,NA,1,NA,,
126,1,1/20/22,TJMAX,14,45:10:00,ALB,465,807,807,NA,1,NA,,
127,1,1/20/22,TJMAX,14,45:10:00,ALB,420,812,762,812,2,NA,,
128,1,1/21/22,TJMAX,132,34:20:00,ALB,486,1317,1317,NA,1,NA,,
129,1,1/11/22,NCAT,122,46,ALB,417,1202,1202,NA,1,NA,,
130,1,1/11/22,NCAT,122,46,ALB,403,687,687,NA,1,NA,,
131,1,1/11/22,NCAT,102,35,ALB,425,635,621,635,2,NA,,
132,1,1/11/22,NCAT,102,35,ALB,323,625,625,NA,1,NA,,
133,1,1/12/22,NCAT,97,32,ALB,432,639,639,NA,1,NA,,
134,1,1/12/22,NCAT,97,32,ALB,377,630,630,NA,1,NA,,
135,1,1/12/22,NCAT,97,32,ALB,339,640,640,629,2,NA,,
136,1,1/12/22,NCAT,97,32,ALB,435,1997,1997,NA,1,NA,,
137,1,1/12/22,NCAT,97,32,ALB,311,1993,1993,NA,1,NA,,
138,1,1/12/22,NCAT,126,46,ALB,420,638,628,638,2,NA,,
139,1,1/12/22,NCAT,126,46,ALB,382,1998,1998,NA,1,NA,,
140,1,1/12/22,NCAT,126,46,ALB,358,637,637,631,2,NA,,
141,1,1/12/22,NCAT,126,46,ALB,362,2236,2236,NA,1,NA,,
142,1,1/12/22,NCAT,126,46,ALB,305,663,663,NA,1,NA,,
143,1,1/12/22,NCAT,126,46,ALB,355,697,697,694,2,NA,,
144,1,1/12/22,NCAT,88,46,ALB,366,1228,1228,NA,1,NA,,
145,1,1/12/22,NCAT,88,46,ALB,445,1234,1234,NA,1,NA,,
146,1,1/12/22,NCAT,88,46,ALB,436,1227,1227,1223,2,NA,,
147,1,1/12/22,NCAT,88,46,ALB,310,1219,1219,NA,1,NA,,
148,1,1/12/22,NCAT,88,46,ALB,386,693,662,693,2,NA,,
149,1,1/12/22,NCAT,88,46,ALB,407,1231,1231,NA,1,NA,,
150,1,1/12/22,NCAT,133,30,ALB,436,1226,1226,NA,1,NA,,
151,1,1/12/22,NCAT,133,30,ALB,401,1230,1229,1230,2,NA,,
152,1,1/12/22,NCAT,133,30,ALB,410,2250,2250,NA,1,NA,,
153,1,1/12/22,NCAT,133,30,ALB,396,2248,2248,NA,1,NA,,
154,1,1/13/22,NCAT,83,41,ALB,465,1078,1078,NA,1,NA,,
155,1,1/13/22,NCAT,83,41,ALB,463,2251,2251,NA,1,NA,,
156,1,1/13/22,NCAT,83,41,ALB,402,466,456,466,2,NA,,
157,1,1/13/22,NCAT,83,41,ALB,420,1076,1076,NA,1,NA,,
158,1,1/13/22,NCAT,83,41,ALB,434,468,468,NA,1,NA,,
159,1,1/14/22,NCAT,201,45,ALB,381,485,469,485,2,NA,,
160,1,1/14/22,NCAT,202,35,ALB,365,500,500,NA,1,NA,,
161,1,1/14/22,NCAT,11,40,ALB,365,491,486,491,2,NA,,
162,1,1/14/22,NCAT,11,40,ALB,434,1089,1089,NA,1,NA,,
163,1,1/14/22,NCAT,11,40,ALB,402,1086,1086,NA,1,NA,,
164,1,1/14/22,NCAT,11,40,ALB,366,490,487,490,2,NA,,
165,1,1/14/22,NCAT,11,40,ALB,384,688,688,NA,1,NA,,
166,1,1/14/22,NCAT,8,28,ALB,415,285,285,256,2,NA,,
167,1,1/14/22,NCAT,6,22,ALB,387,282,282,NA,1,NA,,
168,1,1/14/22,NCAT,6,22,ALB,494,278,272,278,2,NA,,
169,1,1/17/22,NCAT,4,32,ALB,361,290,290,NA,1,NA,,
170,1,1/17/22,NCAT,4,32,ALB,372,269,269,268,2,NA,,
171,1,1/17/22,NCAT,3,43,ALB,355,251,251,NA,1,NA,,
172,1,1/17/22,NCAT,3,43,ALB,465,263,263,NA,1,NA,,
173,1,1/17/22,NCAT,3,43,ALB,475,1068,1068,NA,1,NA,,
174,1,1/17/22,NCAT,3,43,ALB,442,255,255,NA,1,NA,,
175,1,1/17/22,NCAT,3,43,ALB,444,300,300,299,2,NA,,
176,1,1/17/22,NCAT,3,43,ALB,339,289,289,NA,1,NA,,
177,1,1/17/22,NCAT,3,43,ALB,504,1075,1075,NA,1,NA,,
178,1,1/18/22,NCAT,34,47,ALB,492,387,369,387,2,NA,,
179,1,1/18/22,NCAT,34,47,ALB,481,2319,2319,NA,1,NA,,
180,1,1/18/22,NCAT,34,47,ALB,328,368,368,367,2,NA,,
181,1,1/18/22,NCAT,34,47,ALB,396,371,371,NA,1,NA,,
182,1,1/18/22,NCAT,33,32,ALB,431,381,381,NA,1,NA,,
183,1,1/18/22,NCAT,178,36,ALB,350,449,418,449,2,NA,,
184,1,1/19/22,NCAT,90,23,ALB,406,1027,1027,NA,1,NA,,
185,1,1/20/22,NCAT,91,43,ALB,401,357,357,NA,1,NA,,
186,1,1/20/22,NCAT,91,43,ALB,370,445,445,430,2,NA,,
187,1,1/20/22,NCAT,91,43,ALB,350,393,393,NA,1,NA,,
188,1,1/20/22,NCAT,91,43,ALB,320,442,375,442,2,NA,,
189,1,1/20/22,NCAT,96,30,ALB,485,2301,2301,NA,1,NA,,
190,1,1/20/22,NCAT,127,65,ALB,439,390,390,389,2,NA,,
191,1,1/20/22,NCAT,127,65,ALB,333,414,414,NA,1,NA,,
192,1,1/20/22,NCAT,127,65,ALB,407,431,431,NA,1,NA,,
193,1,1/20/22,NCAT,127,65,ALB,307,443,443,NA,1,NA,,
194,1,1/20/22,NCAT,127,65,ALB,439,435,435,NA,1,NA,,
195,1,1/20/22,NCAT,127,65,ALB,395,428,404,428,2,NA,,
196,1,1/20/22,NCAT,127,65,ALB,335,437,437,NA,1,NA,,
197,1,1/20/22,NCAT,127,65,ALB,425,415,415,NA,1,NA,,
198,1,1/20/22,NCAT,127,65,ALB,525,1040,1039,1040,2,NA,,
199,1,1/20/22,NCAT,127,65,ALB,402,448,448,NA,1,NA,,
200,1,1/21/22,NCAT,40,115,ALB,435,377,364,377,2,NA,,
201,1,1/21/22,NCAT,40,115,ALB,410,1092,1092,NA,1,NA,,
202,1,1/21/22,NCAT,40,115,ALB,459,410,410,NA,1,NA,,
203,1,1/21/22,NCAT,40,115,ALB,379,1098,1091,1098,2,NA,,
204,1,1/21/22,NCAT,35,47,ALB,456,413,413,NA,1,NA,,
205,1,1/21/22,NCAT,40,115,ALB,447,439,439,NA,1,NA,,
206,1,1/21/22,NCAT,40,115,ALB,450,1100,1081,1100,2,NA,,
207,1,1/21/22,NCAT,35,47,ALB,362,421,421,NA,1,NA,,
208,1,1/21/22,NCAT,35,47,ALB,406,436,412,436,2,NA,,
209,1,1/21/22,NCAT,35,47,ALB,378,1061,1061,NA,1,NA,,
210,1,1/21/22,NCAT,35,47,ALB,427,411,411,NA,1,NA,,
211,1,1/21/22,NCAT,35,47,ALB,434,422,406,422,2,NA,,
212,1,1/21/22,NCAT,35,47,ALB,436,382,382,NA,1,NA,,
213,1,1/21/22,NCAT,35,47,ALB,390,1052,1052,NA,1,NA,,
214,1,1/24/22,TJMAX,3,41:35:00,ALB,375,858,777,858,2,NA,,
215,1,1/24/22,TJMAX,3,41:35:00,ALB,304,2029,2029,NA,1,NA,,
216,1,1/24/22,TJMAX,3,41:35:00,ALB,365,803,803,NA,1,NA,,
217,1,1/24/22,TJMAX,3,41:35:00,ALB,309,821,821,NA,1,NA,,
218,1,1/24/22,TJMAX,3,41:35:00,ALB,381,1336,1336,1328,2,NA,,
219,1,1/24/22,TJMAX,3,41:35:00,ALB,314,1350,1350,NA,1,NA,,
220,1,1/24/22,TJMAX,199,40:41:00,ALB,352,880,832,880,2,NA,,
221,1,1/25/22,TJMAX,202,45:26:00,ALB,301,1323,1323,NA,1,NA,,
222,1,1/25/22,TJMAX,202,45:26:00,ALB,395,985,985,974,2,NA,,
223,1,1/25/22,TJMAX,202,45:26:00,ALB,365,2047,2047,NA,1,NA,,
224,1,1/25/22,TJMAX,203,44:46:00,ALB,324,2027,2027,NA,1,NA,,
225,1,1/25/22,TJMAX,83,38:07:00,ALB,432,1301,1301,NA,1,NA,,
226,1,1/25/22,NCAT,96,23,ALB,322,1168,1168,NA,1,NA,,
227,1,1/25/22,NCAT,125,46,ALB,330,1151,1151,NA,1,NA,,
228,1,1/25/22,NCAT,91,47,ALB,416,1153,1153,NA,1,NA,,
229,1,1/25/22,NCAT,91,47,ALB,439,1155,1152,1155,2,NA,,
230,1,1/25/22,NCAT,91,47,ALB,370,209,209,NA,1,NA,,
231,1,1/25/22,NCAT,91,47,ALB,350,376,376,204,2,NA,,
232,1,1/25/22,NCAT,128,68,ALB,331,419,419,NA,1,NA,,
233,1,1/25/22,NCAT,128,68,ALB,380,1200,1200,NA,1,NA,,
234,1,1/25/22,MH,41,12.8,ALB,437,315,315,NA,1,NA,,
235,1,1/25/22,MH,35,11.13,ALB,341,183,183,NA,1,NA,,
236,1,1/25/22,MH,35,11.13,ALB,382,186,185,186,2,NA,,
237,1,1/25/22,MH,35,11.13,ALB,455,301,301,NA,1,NA,,
238,1,1/25/22,MH,34,38.75,ALB,384,345,345,NA,1,NA,,
239,1,1/25/22,MH,34,38.75,ALB,462,325,325,187,2,NA,,
240,1,1/25/22,MH,34,38.75,ALB,301,200,200,NA,1,NA,,
241,1,1/25/22,MH,34,38.75,ALB,320,1125,1125,NA,1,NA,,
242,1,1/25/22,MH,34,38.75,ALB,426,193,193,NA,1,NA,,
243,1,1/25/22,MH,33,14.87,ALB,442,320,190,320,2,NA,,
244,1,1/25/22,MH,33,14.87,ALB,508,192,192,NA,1,NA,,
245,1,1/25/22,MH,33,14.87,ALB,450,330,330,317,2,NA,,
246,1,1/25/22,MH,183,16.35,ALB,327,314,314,NA,1,NA,,
247,1,1/25/22,MH,183,16.35,ALB,464,316,316,NA,1,NA,,
248,1,1/25/22,MH,183,16.35,ALB,405,326,303,326,2,NA,,
249,1,1/25/22,MH,183,16.35,ALB,373,331,331,NA,1,NA,,
250,1,1/25/22,MH,183,16.35,ALB,328,184,184,NA,1,NA,,
251,1,1/25/22,MH,23,26.81,ALB,375,343,329,343,2,NA,,
252,1,1/25/22,MH,23,26.81,ALB,305,189,189,NA,1,NA,,
253,1,1/25/22,MH,23,26.81,ALB,447,1120,1120,NA,1,NA,,
254,1,1/25/22,MH,23,26.81,ALB,423,313,307,313,2,NA,,
255,1,1/25/22,MH,23,26.81,ALB,457,2483,2483,NA,1,NA,,
256,1,1/25/22,MH,23,26.81,ALB,437,319,319,NA,1,NA,,
257,1,1/25/22,MH,184,14.43,ALB,471,310,308,310,2,NA,,
258,1,1/25/22,MH,184,14.43,ALB,418,332,332,NA,1,NA,,
259,1,1/25/22,MH,184,14.43,ALB,446,312,312,NA,1,NA,,
260,1,1/26/22,TJMAX,11,20:50,ALB,335,2018,2018,NA,1,NA,,
261,1,1/26/22,TJMAX,66,23:19,ALB,315,2038,2038,NA,1,NA,,
262,1,1/26/22,TJMAX,66,23:19,ALB,346,1320,1320,NA,1,NA,,
263,1,1/26/22,TJMAX,66,23:19,ALB,345,995,995,982,2,NA,,
264,1,1/26/22,TJMAX,66,15:22,ALB,396,984,973,984,2,NA,,
265,1,1/26/22,NCAT,90,111,ALB,377,246,244,246,2,NA,,
266,1,1/26/22,NCAT,90,111,ALB,396,1084,1084,NA,1,NA,,
267,1,1/26/22,NCAT,90,111,ALB,327,352,352,NA,1,NA,,
268,1,1/26/22,NCAT,90,111,ALB,402,1160,1160,1154,2,NA,,
269,1,1/26/22,NCAT,90,111,ALB,362,397,397,NA,1,NA,,
270,1,1/26/22,MH,4,800,ALB,431,321,321,NA,1,NA,,
271,1,1/26/22,MH,4,800,ALB,396,1127,1127,NA,1,NA,,
272,1,1/26/22,MH,204,1850,ALB,474,318,318,NA,1,NA,,
273,1,1/26/22,MH,204,1850,ALB,377,324,323,324,2,NA,,
274,1,1/26/22,MH,1,2340,ALB,390,195,195,NA,1,NA,,
275,1,1/26/22,MH,200,786,ALB,323,306,304,306,2,NA,,
276,1,1/26/22,MH,9,1455,ALB,301,1117,1117,NA,1,NA,,
277,1,1/26/22,MH,9,1455,ALB,332,2498,2498,NA,1,NA,,
278,1,1/26/22,MH,9,1455,ALB,360,322,322,302,2,NA,,
279,1,1/26/22,MH,9,1455,ALB,306,188,188,NA,1,NA,,
280,1,1/26/22,MH,9,1455,ALB,304,311,311,NA,1,NA,,
281,1,1/26/22,MH,9,1455,ALB,303,305,194,305,2,NA,,
282,1,1/26/22,MH,9,1455,ALB,302,1108,1108,NA,1,NA,,
283,1,1/27/22,TJMAX,61,28:51:00,ALB,443,971,971,957,2,NA,,
284,1,1/27/22,TJMAX,63,33:07:00,ALB,400,1393,1393,NA,1,NA,,
285,1,1/27/22,TJMAX,63,33:07:00,ALB,421,2050,2050,NA,1,NA,,
286,1,1/27/22,TJMAX,63,26:50:00,ALB,393,979,979,951,2,NA,,
287,1,1/27/22,TJMAX,63,26:50:00,ALB,443,1399,1399,NA,1,NA,,
288,1,1/27/22,TJMAX,66,30:42:00,ALB,341,1394,1394,NA,1,NA,,
289,1,1/27/22,TJMAX,66,30:42:00,ALB,313,1398,1396,1398,2,NA,,
290,1,1/27/22,TJMAX,66,30:42:00,ALB,402,959,959,NA,1,NA,,
291,1,1/27/22,NCAT,35,120,ALB,334,1062,1062,NA,1,NA,,
292,1,1/27/22,NCAT,35,120,ALB,357,2264,2264,NA,1,NA,,
293,1,1/27/22,NCAT,35,120,ALB,443,217,217,NA,1,NA,,
294,1,1/27/22,NCAT,34,58,ALB,436,1178,1178,NA,1,NA,,
295,1,1/27/22,NCAT,34,58,ALB,342,243,202,243,2,NA,,
296,1,1/27/22,NCAT,34,58,ALB,344,2284,2284,NA,1,NA,,
297,1,1/27/22,NCAT,33,45,ALB,368,1171,1171,NA,1,NA,,
298,1,1/27/22,NCAT,33,45,ALB,443,1195,1195,1194,2,NA,,
299,1,1/27/22,NCAT,33,45,ALB,476,1167,1167,NA,1,NA,,
300,1,1/27/22,NCAT,33,45,ALB,434,363,363,NA,1,NA,,
301,1,1/27/22,NCAT,33,45,ALB,464,1197,1166,1197,2,NA,,
302,1,1/27/22,NCAT,33,45,ALB,460,213,213,NA,1,NA,,
303,1,1/27/22,NCAT,33,45,ALB,461,1181,1181,NA,1,NA,,
304,1,1/27/22,MH,67,2499,ALB,430,1150,1150,NA,1,NA,,
305,1,1/27/22,MH,67,2499,ALB,353,198,198,NA,1,NA,,
306,1,1/27/22,MH,67,2499,ALB,360,338,337,338,2,NA,,
307,1,1/27/22,MH,67,2499,ALB,424,1121,1121,NA,1,NA,,
308,1,1/27/22,MH,67,2499,ALB,375,2496,2496,NA,1,NA,,
309,1,1/27/22,MH,147,3497,ALB,383,309,309,197,2,NA,,
310,1,1/27/22,MH,147,3497,ALB,422,1140,1140,NA,1,NA,,
311,1,1/27/22,MH,147,3497,ALB,382,196,196,NA,1,NA,,
312,1,1/27/22,MH,147,3497,ALB,412,1147,1146,1147,2,NA,,
313,1,1/27/22,MH,147,3497,ALB,305,191,191,NA,1,NA,,
314,1,1/27/22,MH,140,794,ALB,475,346,346,NA,1,NA,,
315,1,1/27/22,MH,83,1170,ALB,507,2500,2490,2500,2,NA,,
316,1,1/27/22,MH,83,1170,ALB,460,348,348,NA,1,NA,,
317,1,1/28/22,TJSAM,97,34:31:00,ALB,472,336,336,NA,1,NA,,
318,1,1/28/22,TJSAM,96,43:00:00,ALB,445,1113,1113,1110,2,NA,,
319,1,1/28/22,TJSAM,92,23:39,ALB,381,342,342,NA,1,NA,,
320,1,1/28/22,TJSAM,92,15:22,ALB,420,2032,2032,NA,1,NA,,
321,1,1/28/22,TJSAM,91,30:15:00,ALB,330,344,344,328,2,NA,,
322,1,1/28/22,TJSAM,91,19:51,ALB,404,1400,1400,NA,1,NA,,
323,1,1/28/22,TJSAM,91,28:46:00,ALB,470,199,199,NA,1,NA,,
324,1,1/28/22,TJSAM,175,29:30:00,ALB,348,1109,1109,1104,2,NA,,
325,1,1/28/22,NCAT,183,105,ALB,500,1054,1051,1054,2,NA,,
326,1,1/28/22,NCAT,183,105,ALB,340,1188,1188,NA,1,NA,,
327,1,1/28/22,NCAT,183,105,ALB,337,396,396,NA,1,NA,,
328,1,1/28/22,NCAT,183,105,ALB,487,2277,2261,2277,2,NA,,
329,1,1/28/22,NCAT,183,105,ALB,405,1173,1173,NA,1,NA,,
330,1,1/28/22,NCAT,NA,27,ALB,449,1057,1057,NA,1,NA,,
331,1,1/28/22,NCAT,NA,NA,ALB,376,2281,2269,2281,2,NA,,
332,1,1/28/22,NCAT,NA,40,ALB,494,1161,1161,NA,1,NA,,
333,1,1/28/22,NCAT,NA,NA,ALB,437,356,356,NA,1,NA,,
334,1,1/28/22,NCAT,NA,NA,ALB,466,1164,1164,1094,2,NA,,
335,1,1/28/22,NCAT,NA,NA,ALB,431,2297,2297,NA,1,NA,,
336,1,1/28/22,NCAT,182,47,ALB,375,1174,1174,NA,1,NA,,
337,1,2/17/22,NCAT,37,NA,ALB,329,1184,1184,NA,1,NA,,
338,1,2/17/22,NCAT,37,NA,ALB,449,1157,1157,NA,1,NA,,
339,1,2/17/22,NCAT,37,NA,ALB,462,1169,1063,1169,2,NA,,
340,1,2/17/22,NCAT,37,NA,ALB,440,1165,1165,NA,1,NA,,
341,1,2/17/22,NCAT,37,NA,ALB,398,1159,1159,NA,1,NA,,
342,1,2/17/22,NCAT,37,NA,ALB,409,1186,1186,1093,2,NA,,
343,1,2/17/22,NCAT,37,NA,ALB,385,1185,1185,NA,1,NA,,
344,1,2/17/22,NCAT,37,NA,ALB,420,1199,1199,NA,1,NA,,
345,1,2/17/22,NCAT,37,NA,ALB,471,1183,1183,1156,2,NA,,
346,1,2/17/22,NCAT,37,NA,ALB,379,1172,1172,NA,1,NA,,
347,1,2/17/22,NCAT,37,NA,ALB,358,1198,1198,NA,1,NA,,
348,1,2/17/22,NCAT,37,NA,ALB,438,1182,1180,1182,2,NA,,
349,1,2/17/22,NCAT,37,NA,ALB,349,1170,1170,NA,1,NA,,
350,1,2/17/22,NCAT,37,NA,ALB,408,1190,1190,NA,1,NA,,
351,1,2/17/22,TJMAX,90,26:39:00,ALB,450,333,333,NA,1,NA,,
352,1,2/17/22,TJMAX,90,26:39:00,ALB,386,350,350,NA,1,NA,,
353,1,2/17/22,TJMAX,90,26:39:00,ALB,443,1114,1114,1105,2,NA,,
354,1,2/17/22,TJMAX,90,26:39:00,ALB,392,335,335,NA,1,NA,,
355,1,2/17/22,TJMAX,90,26:39:00,ALB,480,2489,2489,NA,1,NA,,
356,1,2/17/22,TJMAX,89,29:05:00,ALB,337,347,327,347,2,NA,,
357,1,2/17/22,TJMAX,89,29:05:00,ALB,415,1119,1119,NA,1,NA,,
358,1,2/17/22,TJMAX,89,29:05:00,ALB,495,339,339,NA,1,NA,,
359,1,2/17/22,TJMAX,89,29:05:00,ALB,425,1397,1395,1397,2,NA,,
360,1,2/17/22,TJMAX,127,24:30:00,ALB,453,1373,1373,NA,1,NA,,
361,1,2/17/22,TJMAX,127,24:30:00,ALB,379,1370,1370,NA,1,NA,,
362,1,2/17/22,TJMAX,127,24:30:00,ALB,436,596,596,341,2,NA,,
363,1,2/17/22,TJMAX,127,24:30:00,ALB,500,1374,1374,NA,1,NA,,
364,1,2/17/22,TJMAX,126,31:43:00,ALB,360,1107,1107,NA,1,NA,,
365,1,2/17/22,TJMAX,126,31:43:00,ALB,314,1372,1372,NA,1,NA,,
366,1,2/17/22,TJMAX,126,31:43:00,ALB,406,595,595,592,2,NA,,
367,1,2/17/22,TJMAX,126,31:43:00,ALB,435,1368,1368,NA,1,NA,,
368,1,2/18/22,TJMAX,83,40:52:00,ALB,455,591,591,349,2,NA,,
369,1,2/18/22,TJMAX,83,NA,ALB,335,587,587,NA,1,NA,,
370,1,2/18/22,TJMAX,83,12:37,ALB,371,2486,2486,NA,1,NA,,
371,1,2/18/22,TJMAX,83,NA,ALB,432,970,970,583,2,NA,,
372,1,2/18/22,TJMAX,4,27:14:00,ALB,341,598,598,NA,1,NA,,
373,1,2/18/22,TJMAX,4,NA,ALB,370,597,597,NA,1,NA,,
374,1,2/18/22,TJMAX,4,NA,ALB,404,582,582,NA,1,NA,,
375,1,2/18/22,TJMAX,4,NA,ALB,369,2098,2098,NA,1,NA,,
376,1,2/18/22,TJMAX,4,NA,ALB,409,986,986,599,2,NA,,
377,1,2/18/22,TJMAX,3,31:22:00,ALB,376,1371,1371,NA,1,NA,,
378,1,2/18/22,TJMAX,3,NA,ALB,323,1138,1138,1112,2,NA,,
379,1,2/18/22,TJMAX,3,NA,ALB,439,1123,1123,NA,1,NA,,
380,1,2/18/22,TJMAX,3,NA,ALB,356,1136,1136,NA,1,NA,,
381,1,2/18/22,TJMAX,3,NA,ALB,350,593,589,593,2,NA,,
382,1,2/18/22,TJMAX,3,NA,ALB,419,1369,1369,NA,1,NA,,
383,1,2/18/22,TJMAX,3,NA,ALB,380,1106,1106,NA,1,NA,,
384,1,2/18/22,TJMAX,3,NA,ALB,429,1149,1149,1145,2,NA,,
385,1,2/18/22,TJMAX,3,NA,ALB,300,586,586,NA,1,NA,,
386,1,2/18/22,TJMAX,7,11:47,ALB,512,1126,1126,NA,1,NA,,
387,1,2/18/22,TJMAX,7,NA,ALB,391,594,585,594,2,NA,,
388,1,2/18/22,TJMAX,7,NA,ALB,465,983,983,NA,1,NA,,
389,1,2/18/22,TJMAX,11,7:08,ALB,351,947,334,947,2,NA,,
390,1,2/18/22,TJMAX,11,NA,ALB,330,2100,2100,NA,1,NA,,
391,1,2/18/22,TJMAX,11,NA,ALB,329,2243,2243,NA,1,NA,,
392,1,2/18/22,NCAT,41,51,ALB,400,249,249,228,2,NA,,
393,1,2/18/22,NCAT,41,51,ALB,378,420,420,NA,1,NA,,
394,1,2/18/22,NCAT,41,51,ALB,372,178,178,NA,1,NA,,
395,1,1/11/22,TJMAX,60,70,LMB,445,1246,1246,NA,1,NA,,
396,1,1/11/22,TJMAX,60,70,LMB,382,674,674,672,2,NA,,
397,1,1/11/22,TJMAX,60,70,LMB,395,670,670,NA,1,NA,,
398,1,1/11/22,TJMAX,170,45,LMB,411,649,649,NA,1,NA,,
399,1,1/11/22,TJMAX,170,45,LMB,330,1244,1244,NA,1,NA,,
400,1,1/11/22,TJMAX,170,45,LMB,386,659,643,659,2,NA,,
401,1,1/11/22,TJMAX,171,40,LMB,337,1218,1218,NA,1,NA,,
402,1,1/11/22,TJMAX,171,40,LMB,396,2242,2242,NA,1,NA,,
403,1,1/11/22,TJMAX,171,40,LMB,380,644,642,644,2,NA,,
404,1,1/11/22,TJMAX,171,40,LMB,352,1213,1213,NA,1,NA,,
405,1,1/11/22,TJMAX,171,40,LMB,323,656,656,NA,1,NA,,
406,1,1/11/22,TJMAX,171,40,LMB,495,1242,1242,1217,2,NA,,
407,1,1/11/22,TJMAX,171,40,LMB,441,1209,1209,NA,1,NA,,
408,1,1/11/22,TJMAX,174,40:14:00,LMB,375,658,658,652,2,NA,,
409,1,1/11/22,TJMAX,174,40:14:00,LMB,368,642,642,NA,1,NA,,
410,1,1/11/22,TJMAX,174,40:14:00,LMB,425,648,648,647,2,NA,,
411,1,1/11/22,TJMAX,174,40:14:00,LMB,335,1214,1214,NA,1,NA,,
412,1,1/11/22,TJMAX,174,40:14:00,LMB,365,1215,1207,1215,2,NA,,
413,1,1/11/22,TJMAX,174,40:14:00,LMB,304,655,655,NA,1,NA,,
414,1,1/11/22,TJMAX,174,40:14:00,LMB,464,1205,1205,NA,1,NA,,
415,1,1/11/22,TJMAX,175,40:30:00,LMB,311,679,679,657,2,NA,,
416,1,1/11/22,TJMAX,175,40:30:00,LMB,325,1211,1211,NA,1,NA,,
417,1,1/12/22,TJMAX,163,45,LMB,301,681,681,NA,1,NA,,
418,1,1/12/22,TJMAX,163,45,LMB,312,676,676,666,2,NA,,
419,1,1/12/22,TJMAX,164,35:12:00,LMB,355,1239,1239,NA,1,NA,,
420,1,1/12/22,TJMAX,164,35:12:00,LMB,430,675,653,675,2,NA,,
421,1,1/12/22,TJMAX,61,NA,LMB,300,1236,1236,NA,1,NA,,
422,1,1/12/22,TJMAX,61,NA,LMB,406,678,678,NA,1,NA,,
423,1,1/12/22,TJMAX,159,NA,LMB,304,604,604,NA,1,NA,,
424,1,1/12/22,TJMAX,159,NA,LMB,307,618,618,607,2,NA,,
425,1,1/12/22,TJMAX,159,NA,LMB,398,667,667,NA,1,NA,,
426,1,1/12/22,TJMAX,159,NA,LMB,300,645,645,NA,1,NA,,
427,1,1/12/22,TJMAX,159,NA,LMB,542,673,673,615,2,NA,,
428,1,1/13/22,TJMAX,160,40:57:00,LMB,473,609,609,NA,1,NA,,
429,1,1/13/22,TJMAX,160,40:57:00,LMB,375,620,620,612,2,NA,,
430,1,1/13/22,TJMAX,156,39:38:00,LMB,305,613,613,NA,1,NA,,
431,1,1/13/22,TJMAX,156,39:38:00,LMB,366,608,608,NA,1,NA,,
432,1,1/13/22,TJMAX,155,34:24:00,LMB,308,616,616,610,2,NA,,
433,1,1/13/22,TJMAX,155,34:24:00,LMB,340,1248,1248,NA,1,NA,,
434,1,1/13/22,TJMAX,155,34:24:00,LMB,325,1250,1250,NA,1,NA,,
435,1,1/13/22,TJMAX,155,34:24:00,LMB,325,665,646,665,2,NA,,
436,1,1/13/22,TJMAX,155,34:24:00,LMB,332,1240,1240,NA,1,NA,,
437,1,1/13/22,TJMAX,71,41:34:00,LMB,330,2244,2244,NA,1,NA,,
438,1,1/13/22,TJMAX,71,41:34:00,LMB,432,677,601,677,2,NA,,
439,1,1/13/22,TJMAX,71,41:34:00,LMB,424,1235,1235,NA,1,NA,,
440,1,1/13/22,TJMAX,71,41:34:00,LMB,376,1241,1241,NA,1,NA,,
441,1,1/13/22,TJMAX,71,41:34:00,LMB,471,654,603,654,2,NA,,
442,1,1/13/22,TJMAX,71,41:34:00,LMB,516,683,683,NA,1,NA,,
443,1,1/13/22,TJMAX,71,41:34:00,LMB,320,619,619,611,2,NA,,
444,1,1/13/22,TJMAX,71,41:34:00,LMB,494,664,664,NA,1,NA,,
445,1,1/13/22,TJMAX,71,41:34:00,LMB,415,605,605,NA,1,NA,,
446,1,1/13/22,TJMAX,70,39:53:00,LMB,306,1259,1259,1253,2,NA,,
447,1,1/13/22,TJMAX,70,39:53:00,LMB,456,910,910,NA,1,NA,,
448,1,1/13/22,TJMAX,70,39:53:00,LMB,388,1256,1256,NA,1,NA,,
449,1,1/13/22,TJMAX,70,39:53:00,LMB,428,928,901,928,2,NA,,
450,1,1/13/22,TJMAX,70,39:53:00,LMB,336,1203,1203,NA,1,NA,,
451,1,1/13/22,TJMAX,70,39:53:00,LMB,457,1254,1254,NA,1,NA,,
452,1,1/13/22,TJMAX,70,39:53:00,LMB,414,1210,1208,1210,2,NA,,
453,1,1/13/22,TJMAX,70,39:53:00,LMB,467,920,920,NA,1,NA,,
454,1,1/13/22,TJMAX,70,39:53:00,LMB,437,923,778,923,2,NA,,
455,1,1/13/22,TJMAX,70,39:53:00,LMB,360,1258,1258,NA,1,NA,,
456,1,1/13/22,TJMAX,70,39:53:00,LMB,550,918,918,911,2,NA,,
457,1,1/13/22,TJMAX,69,37:51:00,LMB,335,942,942,NA,1,NA,,
458,1,1/13/22,TJMAX,69,37:51:00,LMB,375,906,906,NA,1,NA,,
459,1,1/13/22,TJMAX,69,37:51:00,LMB,482,1260,1204,1260,2,NA,,
460,1,1/13/22,TJMAX,69,37:51:00,LMB,376,914,914,NA,1,NA,,
461,1,1/13/22,TJMAX,69,37:51:00,LMB,300,617,617,NA,1,NA,,
462,1,1/13/22,TJMAX,69,37:51:00,LMB,334,1257,1251,1257,2,NA,,
463,1,1/13/22,TJMAX,68,34:54:00,LMB,335,915,915,NA,1,NA,,
464,1,1/14/22,TJMAX,13,37:16:00,LMB,308,903,780,903,2,NA,,
465,1,1/14/22,TJMAX,14,36:30:00,LMB,306,1264,1264,NA,1,NA,,
466,1,1/14/22,TJMAX,14,36:30:00,LMB,327,1294,1294,NA,1,NA,,
467,1,1/14/22,TJMAX,14,36:30:00,LMB,304,908,907,908,2,NA,,
468,1,1/14/22,TJMAX,14,36:30:00,LMB,360,912,912,NA,1,NA,,
469,1,1/14/22,TJMAX,16,36:27:00,LMB,304,1276,1276,NA,1,NA,,
470,1,1/14/22,TJMAX,16,36:27:00,LMB,436,1293,1293,1269,2,NA,,
471,1,1/14/22,TJMAX,16,36:27:00,LMB,386,2245,2245,NA,1,NA,,
472,1,1/14/22,TJMAX,17,43:30:00,LMB,310,1265,1265,1244,2,NA,,
473,1,1/14/22,TJMAX,17,43:30:00,LMB,453,1281,1281,NA,1,NA,,
474,1,1/14/22,TJMAX,17,43:30:00,LMB,411,2246,2246,NA,1,NA,,
475,1,1/14/22,TJMAX,17,43:30:00,LMB,345,938,767,938,2,NA,,
476,1,1/14/22,TJMAX,17,43:30:00,LMB,356,1285,1285,NA,1,NA,,
477,1,1/14/22,TJMAX,184,38:40:00,LMB,301,913,913,787,2,NA,,
478,1,1/14/22,TJMAX,185,29:30:00,LMB,330,924,924,NA,1,NA,,
479,1,1/14/22,TJMAX,186,33:14:00,LMB,323,941,941,NA,1,NA,,
480,1,1/14/22,TJMAX,186,NA,LMB,345,1271,1271,1263,2,NA,,
481,1,1/14/22,TJMAX,186,NA,LMB,344,1300,1300,NA,1,NA,,
482,1,1/14/22,TJMAX,186,NA,LMB,324,1286,1286,NA,1,NA,,
483,1,1/14/22,TJMAX,190,NA,LMB,310,776,776,765,2,NA,,
484,1,1/14/22,TJMAX,190,NA,LMB,481,1270,1270,NA,1,NA,,
485,1,1/14/22,TJMAX,191,33:36:00,LMB,425,829,813,829,2,NA,,
486,1,1/14/22,TJMAX,191,33:36:00,LMB,353,818,818,NA,1,NA,,
487,1,1/14/22,TJMAX,191,33:36:00,LMB,474,1266,1266,NA,1,NA,,
488,1,1/14/22,TJMAX,191,33:36:00,LMB,304,1287,1268,1287,2,NA,,
489,1,1/17/22,TJMAX,152,34:42:00,LMB,300,944,944,NA,1,NA,,
490,1,1/17/22,TJMAX,152,34:42:00,LMB,404,828,764,828,2,NA,,
491,1,1/17/22,TJMAX,152,34:42:00,LMB,400,768,768,NA,1,NA,,
492,1,1/17/22,TJMAX,152,34:42:00,LMB,377,1288,1288,NA,1,NA,,
493,1,1/17/22,TJMAX,192,35:30:00,LMB,357,943,902,943,2,NA,,
494,1,1/17/22,TJMAX,192,35:30:00,LMB,479,809,809,NA,1,NA,,
495,1,1/17/22,TJMAX,192,35:30:00,LMB,385,874,874,NA,1,NA,,
496,1,1/17/22,TJMAX,24,34:40:00,LMB,423,806,775,806,2,NA,,
497,1,1/17/22,TJMAX,24,34:40:00,LMB,310,1279,1279,NA,1,NA,,
498,1,1/17/22,TJMAX,24,34:40:00,LMB,384,1278,1277,1278,2,NA,,
499,1,1/17/22,TJMAX,25,41:47:00,LMB,314,2239,2239,NA,1,NA,,
500,1,1/17/22,TJMAX,25,41:47:00,LMB,427,1280,1280,NA,1,NA,,
501,1,1/17/22,TJMAX,25,41:47:00,LMB,300,925,751,925,2,NA,,
502,1,1/17/22,TJMAX,25,41:47:00,LMB,475,1267,1267,NA,1,NA,,
503,1,1/17/22,TJMAX,25,41:47:00,LMB,513,931,931,929,2,NA,,
504,1,1/17/22,TJMAX,25,41:47:00,LMB,344,886,886,NA,1,NA,,
505,1,1/17/22,TJMAX,25,41:47:00,LMB,320,785,785,NA,1,NA,,
506,1,1/17/22,TJMAX,25,41:47:00,LMB,420,922,922,810,2,NA,,
507,1,1/17/22,TJMAX,25,41:47:00,LMB,300,830,830,NA,1,NA,,
508,1,1/17/22,TJMAX,25,41:47:00,LMB,323,1274,1274,NA,1,NA,,
509,1,1/17/22,TJMAX,27,50:15:00,LMB,374,948,948,817,2,NA,,
510,1,1/17/22,TJMAX,27,50:15:00,LMB,542,783,783,NA,1,NA,,
511,1,1/17/22,TJMAX,27,50:15:00,LMB,461,1315,1308,1315,2,NA,,
512,1,1/17/22,TJMAX,27,50:15:00,LMB,307,1316,1316,NA,1,NA,,
513,1,1/17/22,TJMAX,27,50:15:00,LMB,364,1307,1307,NA,1,NA,,
514,1,1/17/22,TJMAX,27,50:15:00,LMB,306,1330,1330,1327,2,NA,,
515,1,1/17/22,TJMAX,27,50:15:00,LMB,306,1312,420,1312,2,NA,,
516,1,1/18/22,TJMAX,31,41:45:00,LMB,318,1309,1309,NA,1,NA,,
517,1,1/18/22,TJMAX,32,39:15:00,LMB,308,926,826,926,2,NA,,
518,1,1/18/22,TJMAX,32,39:15:00,LMB,321,2240,2240,NA,1,NA,,
519,1,1/18/22,TJMAX,178,45:50:00,LMB,300,934,934,NA,1,NA,,
520,1,1/18/22,TJMAX,178,45:50:00,LMB,350,876,876,836,2,NA,,
521,1,1/18/22,TJMAX,178,45:50:00,LMB,411,2010,2010,NA,1,NA,,
522,1,1/18/22,TJMAX,178,45:50:00,LMB,326,825,825,NA,1,NA,,
523,1,1/18/22,TJMAX,33,49:22:00,LMB,404,933,881,933,2,NA,,
524,1,1/18/22,TJMAX,33,49:22:00,LMB,303,1304,1304,NA,1,NA,,
525,1,1/18/22,TJMAX,33,49:22:00,LMB,344,772,772,NA,1,NA,,
526,1,1/18/22,TJMAX,176,48:40:00,LMB,300,816,816,NA,1,NA,,
527,1,1/18/22,TJMAX,59,46:30:00,LMB,340,1319,1319,NA,1,NA,,
528,1,1/18/22,TJMAX,59,46:30:00,LMB,365,917,917,784,2,NA,,
529,1,1/18/22,TJMAX,59,46:30:00,LMB,302,2003,2003,NA,1,NA,,
530,1,1/18/22,TJMAX,58,45:25:00,LMB,381,1302,1302,NA,1,NA,,
531,1,1/18/22,TJMAX,58,45:25:00,LMB,314,814,814,NA,1,NA,,
532,1,1/18/22,TJMAX,58,45:25:00,LMB,311,1310,1310,NA,1,NA,,
533,1,1/19/22,TJMAX,74,48:50:00,LMB,409,1335,1332,1335,2,NA,,
534,1,1/19/22,TJMAX,74,48:50:00,LMB,430,2043,2043,NA,1,NA,,
535,1,1/19/22,TJMAX,74,48:50:00,LMB,325,824,824,NA,1,NA,,
536,1,1/19/22,TJMAX,75,50:27:00,LMB,465,1324,1324,1296,2,NA,,
537,1,1/19/22,TJMAX,75,50:27:00,LMB,450,1313,1313,NA,1,NA,,
538,1,1/19/22,TJMAX,75,50:27:00,LMB,490,869,869,834,2,NA,,
539,1,1/19/22,TJMAX,77,32:09:00,LMB,446,1340,1340,NA,1,NA,,
540,1,1/19/22,TJMAX,77,32:09:00,LMB,390,2241,2241,NA,1,NA,,
541,1,1/19/22,TJMAX,78,35:19:00,LMB,455,805,804,805,2,NA,,
542,1,1/19/22,TJMAX,78,35:19:00,LMB,454,2034,2034,NA,1,NA,,
543,1,1/19/22,TJMAX,79,36:32:00,LMB,504,2033,2033,NA,1,NA,,
544,1,1/19/22,TJMAX,79,36:32:00,LMB,420,1334,1334,1321,2,NA,,
545,1,1/19/22,TJMAX,80,33:22:00,LMB,408,815,815,NA,1,NA,,
546,1,1/19/22,TJMAX,80,33:22:00,LMB,405,1346,1346,NA,1,NA,,
547,1,1/19/22,TJMAX,80,33:22:00,LMB,378,1341,1341,1292,2,NA,,
548,1,1/19/22,TJMAX,80,33:22:00,LMB,365,2019,2019,NA,1,NA,,
549,1,1/19/22,TJMAX,145,37:51:00,LMB,465,786,786,761,2,NA,,
550,1,1/19/22,TJMAX,145,37:51:00,LMB,492,2004,2004,NA,1,NA,,
551,1,1/19/22,TJMAX,145,37:51:00,LMB,404,802,802,NA,1,NA,,
552,1,1/19/22,TJMAX,145,37:51:00,LMB,368,781,781,774,2,NA,,
553,1,1/19/22,TJMAX,149,35:02:00,LMB,479,759,759,NA,1,NA,,
554,1,1/19/22,TJMAX,149,35:02:00,LMB,370,1322,1322,1318,2,NA,,
555,1,1/19/22,TJMAX,149,35:02:00,LMB,390,1325,1325,NA,1,NA,,
556,1,1/19/22,TJMAX,149,35:02:00,LMB,512,822,822,760,2,NA,,
557,1,1/19/22,TJMAX,149,35:02:00,LMB,391,2023,2023,NA,1,NA,,
558,1,1/19/22,TJMAX,149,35:02:00,LMB,395,823,823,NA,1,NA,,
559,1,1/19/22,TJMAX,149,35:02:00,LMB,500,1333,1333,1303,2,NA,,
560,1,1/11/22,NCAT,104,36,LMB,379,633,633,NA,1,NA,,
561,1,1/11/22,NCAT,104,36,LMB,348,622,622,NA,1,NA,,
562,1,1/11/22,NCAT,122,46,LMB,402,624,623,624,2,NA,,
563,1,1/11/22,NCAT,122,46,LMB,360,626,626,NA,1,NA,,
564,1,1/11/22,NCAT,122,46,LMB,510,2235,2235,NA,1,NA,,
565,1,1/11/22,NCAT,122,46,LMB,505,1991,1233,1991,2,NA,,
566,1,1/11/22,NCAT,122,46,LMB,432,634,634,NA,1,NA,,
567,1,1/11/22,NCAT,102,35,LMB,543,1990,1990,1201,2,NA,,
568,1,1/11/22,NCAT,102,35,LMB,405,1994,1994,NA,1,NA,,
569,1,1/11/22,NCAT,99,24,LMB,448,636,636,627,2,NA,,
570,1,1/11/22,NCAT,99,24,LMB,328,1999,1999,NA,1,NA,,
571,1,1/11/22,NCAT,98,20,LMB,382,2000,2000,NA,1,NA,,
572,1,1/12/22,NCAT,124,40,LMB,307,1992,1992,NA,1,NA,,
573,1,1/12/22,NCAT,124,40,LMB,465,1987,1987,NA,1,NA,,
574,1,1/12/22,NCAT,126,46,LMB,305,1995,1995,1988,2,NA,,
575,1,1/12/22,NCAT,126,46,LMB,310,1989,1989,NA,1,NA,,
576,1,1/12/22,NCAT,126,46,LMB,377,2238,2238,NA,1,NA,,
577,1,1/12/22,NCAT,126,46,LMB,344,691,664,691,2,NA,,
578,1,1/12/22,NCAT,126,46,LMB,332,1996,1996,NA,1,NA,,
579,1,1/12/22,NCAT,88,46,LMB,314,698,660,698,2,NA,,
580,1,1/12/22,NCAT,88,46,LMB,402,686,686,NA,1,NA,,
581,1,1/12/22,NCAT,88,46,LMB,424,1225,1225,NA,1,NA,,
582,1,1/12/22,NCAT,88,46,LMB,442,699,699,689,2,NA,,
583,1,1/12/22,NCAT,88,46,LMB,465,2249,2249,NA,1,NA,,
584,1,1/12/22,NCAT,88,46,LMB,374,692,692,NA,1,NA,,
585,1,1/12/22,NCAT,88,46,LMB,326,700,696,700,2,NA,,
586,1,1/12/22,NCAT,88,46,LMB,360,1221,1221,NA,1,NA,,
587,1,1/12/22,NCAT,133,30,LMB,415,690,690,685,2,NA,,
588,1,1/12/22,NCAT,133,30,LMB,472,1222,1222,NA,1,NA,,
589,1,1/13/22,NCAT,86,35,LMB,392,480,480,NA,1,NA,,
590,1,1/13/22,NCAT,86,35,LMB,446,464,461,464,2,NA,,
591,1,1/13/22,NCAT,86,35,LMB,364,695,695,NA,1,NA,,
592,1,1/13/22,NCAT,86,35,LMB,366,465,465,NA,1,NA,,
593,1,1/13/22,NCAT,86,35,LMB,492,462,462,NA,1,NA,,
594,1,1/13/22,NCAT,86,35,LMB,457,1088,1088,NA,1,NA,,
595,1,1/13/22,NCAT,86,35,LMB,421,470,454,470,2,NA,,
596,1,1/13/22,NCAT,86,35,LMB,365,499,499,NA,1,NA,,
597,1,1/13/22,NCAT,86,35,LMB,322,473,473,NA,1,NA,,
598,1,1/13/22,NCAT,86,35,LMB,453,467,467,453,2,NA,,
599,1,1/13/22,NCAT,85,35,LMB,358,1087,1087,NA,1,NA,,
600,1,1/13/22,NCAT,84,30,LMB,425,471,471,460,2,NA,,
601,1,1/13/22,NCAT,84,30,LMB,412,489,489,NA,1,NA,,
602,1,1/13/22,NCAT,139,25,LMB,495,2265,2265,NA,1,NA,,
603,1,1/13/22,NCAT,137,25,LMB,434,1085,1085,1077,2,NA,,
604,1,1/13/22,NCAT,137,25,LMB,479,476,476,NA,1,NA,,
605,1,1/13/22,NCAT,136,20,LMB,356,475,475,NA,1,NA,,
606,1,1/13/22,NCAT,136,20,LMB,351,458,458,451,2,NA,,
607,1,1/14/22,NCAT,200,28,LMB,510,1055,1055,NA,1,NA,,
608,1,1/14/22,NCAT,201,45,LMB,374,496,478,496,2,NA,,
609,1,1/14/22,NCAT,201,45,LMB,362,472,472,NA,1,NA,,
610,1,1/14/22,NCAT,201,45,LMB,352,1079,1079,NA,1,NA,,
611,1,1/14/22,NCAT,201,45,LMB,447,474,474,457,2,NA,,
612,1,1/14/22,NCAT,201,45,LMB,361,1069,1069,NA,1,NA,,
613,1,1/14/22,NCAT,201,45,LMB,550,2267,2267,NA,1,NA,,
614,1,1/14/22,NCAT,201,45,LMB,505,484,484,NA,1,NA,,
615,1,1/14/22,NCAT,202,35,LMB,423,492,492,NA,1,NA,,
616,1,1/14/22,NCAT,202,35,LMB,408,494,494,463,2,NA,,
617,1,1/14/22,NCAT,202,35,LMB,387,1083,1083,NA,1,NA,,
618,1,1/14/22,NCAT,202,35,LMB,359,459,459,NA,1,NA,,
619,1,1/14/22,NCAT,202,35,LMB,392,497,497,495,2,NA,,
620,1,1/14/22,NCAT,202,35,LMB,379,479,479,NA,1,NA,,
621,1,1/14/22,NCAT,11,40,LMB,346,482,482,481,2,NA,,
622,1,1/14/22,NCAT,9,35,LMB,380,281,281,NA,1,NA,,
623,1,1/14/22,NCAT,9,35,LMB,393,262,262,NA,1,NA,,
624,1,1/14/22,NCAT,9,35,LMB,324,253,253,252,2,NA,,
625,1,1/14/22,NCAT,9,35,LMB,392,260,260,NA,1,NA,,
626,1,1/14/22,NCAT,9,35,LMB,430,261,261,NA,1,NA,,
627,1,1/14/22,NCAT,9,35,LMB,315,287,274,287,2,NA,,
628,1,1/14/22,NCAT,8,28,LMB,400,283,283,NA,1,NA,,
629,1,1/14/22,NCAT,8,28,LMB,438,267,267,258,2,NA,,
630,1,1/14/22,NCAT,6,22,LMB,415,286,286,NA,1,NA,,
631,1,1/14/22,NCAT,6,22,LMB,446,279,279,NA,1,NA,,
632,1,1/14/22,NCAT,6,22,LMB,406,284,284,280,2,NA,,
633,1,1/17/22,NCAT,5,36,LMB,364,271,271,NA,1,NA,,
634,1,1/17/22,NCAT,3,43,LMB,482,266,266,NA,1,NA,,
635,1,1/17/22,NCAT,3,43,LMB,398,291,291,NA,1,NA,,
636,1,1/17/22,NCAT,3,43,LMB,467,264,264,NA,1,NA,,
637,1,1/17/22,NCAT,3,43,LMB,493,265,257,265,2,NA,,
638,1,1/17/22,NCAT,3,43,LMB,355,292,292,NA,1,NA,,
639,1,1/17/22,NCAT,54,45,LMB,357,298,298,NA,1,NA,,
640,1,1/17/22,NCAT,54,45,LMB,431,1059,1058,1059,2,NA,,
641,1,1/17/22,NCAT,54,45,LMB,331,294,294,NA,1,NA,,
642,1,1/17/22,NCAT,54,45,LMB,385,1096,1090,1096,2,NA,,
643,1,1/17/22,NCAT,54,45,LMB,385,276,276,NA,1,NA,,
644,1,1/17/22,NCAT,54,45,LMB,471,297,297,NA,1,NA,,
645,1,1/17/22,NCAT,54,45,LMB,416,2266,2266,2263,2,NA,,
646,1,1/17/22,NCAT,54,45,LMB,422,295,295,NA,1,NA,,
647,1,1/17/22,NCAT,54,45,LMB,487,1080,1080,NA,1,NA,,
648,1,1/18/22,NCAT,55,30,LMB,537,440,379,440,2,NA,,
649,1,1/18/22,NCAT,55,30,LMB,419,407,407,NA,1,NA,,
650,1,1/18/22,NCAT,34,47,LMB,443,434,434,424,2,NA,,
651,1,1/18/22,NCAT,34,47,LMB,433,373,373,NA,1,NA,,
652,1,1/18/22,NCAT,34,47,LMB,351,1032,1032,NA,1,NA,,
653,1,1/18/22,NCAT,34,47,LMB,320,366,359,366,2,NA,,
654,1,1/18/22,NCAT,39,43,LMB,439,360,360,NA,1,NA,,
655,1,1/18/22,NCAT,39,43,LMB,358,374,374,NA,1,NA,,
656,1,1/18/22,NCAT,39,43,LMB,437,409,409,NA,1,NA,,
657,1,1/18/22,NCAT,39,43,LMB,337,405,405,NA,1,NA,,
658,1,1/18/22,NCAT,39,43,LMB,351,400,400,386,2,NA,,
659,1,1/18/22,NCAT,39,43,LMB,381,2334,2334,NA,1,NA,,
660,1,1/18/22,NCAT,39,43,LMB,435,380,380,NA,1,NA,,
661,1,1/18/22,NCAT,39,43,LMB,442,1013,1013,1001,2,NA,,
662,1,1/18/22,NCAT,39,43,LMB,333,394,394,NA,1,NA,,
663,1,1/18/22,NCAT,39,43,LMB,410,383,358,383,2,NA,,
664,1,1/18/22,NCAT,39,43,LMB,427,432,432,NA,1,NA,,
665,1,1/18/22,NCAT,39,43,LMB,427,385,385,NA,1,NA,,
666,1,1/18/22,NCAT,39,43,LMB,352,399,391,399,2,NA,,
667,1,1/18/22,NCAT,39,43,LMB,324,438,438,NA,1,NA,,
668,1,1/18/22,NCAT,37,23,LMB,410,354,354,NA,1,NA,,
669,1,1/18/22,NCAT,37,23,LMB,393,425,423,425,2,NA,,
670,1,1/18/22,NCAT,37,23,LMB,394,1003,1003,NA,1,NA,,
671,1,1/18/22,NCAT,33,32,LMB,315,392,392,NA,1,NA,,
672,1,1/18/22,NCAT,33,32,LMB,316,1031,1031,NA,1,NA,,
673,1,1/18/22,NCAT,178,36,LMB,447,398,398,NA,1,NA,,
674,1,1/18/22,NCAT,178,36,LMB,349,384,384,NA,1,NA,,
675,1,1/18/22,NCAT,178,36,LMB,438,372,372,361,2,NA,,
676,1,1/18/22,NCAT,178,36,LMB,461,441,441,NA,1,NA,,
677,1,1/18/22,NCAT,178,36,LMB,319,351,351,NA,1,NA,,
678,1,1/19/22,NCAT,51,30,LMB,402,1021,1021,NA,1,NA,,
679,1,1/19/22,NCAT,51,30,LMB,370,1011,1011,NA,1,NA,,
680,1,1/19/22,NCAT,51,30,LMB,416,1006,1002,1006,2,NA,,
681,1,1/19/22,NCAT,51,30,LMB,384,2337,2337,NA,1,NA,,
682,1,1/19/22,NCAT,51,30,LMB,366,1042,1042,NA,1,NA,,
683,1,1/19/22,NCAT,51,30,LMB,330,1014,1008,1014,2,NA,,
684,1,1/19/22,NCAT,51,30,LMB,407,1017,1017,NA,1,NA,,
685,1,1/19/22,NCAT,50,37,LMB,407,1028,1028,1019,2,NA,,
686,1,1/19/22,NCAT,50,37,LMB,405,1029,1029,NA,1,NA,,
687,1,1/19/22,NCAT,50,37,LMB,404,401,401,NA,1,NA,,
688,1,1/19/22,NCAT,46,25,LMB,335,1016,1015,1016,2,NA,,
689,1,1/19/22,NCAT,45,30,LMB,535,1038,1038,NA,1,NA,,
690,1,1/19/22,NCAT,45,30,LMB,327,1049,1049,NA,1,NA,,
691,1,1/19/22,NCAT,45,30,LMB,498,1025,1025,1024,2,NA,,
692,1,1/19/22,NCAT,90,23,LMB,483,1030,1030,NA,1,NA,,
693,1,1/20/22,TJMAX,150,40:45:00,LMB,395,872,872,NA,1,NA,,
694,1,1/20/22,TJMAX,150,40:45:00,LMB,463,835,835,NA,1,NA,,
695,1,1/20/22,TJMAX,11,43:32:00,LMB,441,1331,1331,1283,2,NA,,
696,1,1/20/22,TJMAX,11,43:32:00,LMB,462,2036,2036,NA,1,NA,,
697,1,1/20/22,NCAT,91,43,LMB,377,2315,2315,2314,2,NA,,
698,1,1/20/22,NCAT,91,43,LMB,378,1012,1012,NA,1,NA,,
699,1,1/20/22,NCAT,91,43,LMB,335,1046,1046,NA,1,NA,,
700,1,1/20/22,NCAT,127,1:05,LMB,340,1045,1045,1010,2,NA,,
701,1,1/20/22,NCAT,127,1:05,LMB,429,1048,1048,NA,1,NA,,
702,1,1/20/22,NCAT,127,1:05,LMB,426,1047,1047,NA,1,NA,,
703,1,1/20/22,NCAT,127,1:05,LMB,349,1033,1033,NA,1,NA,,
704,1,1/20/22,NCAT,127,1:05,LMB,342,1009,1009,NA,1,NA,,
705,1,1/20/22,NCAT,127,1:05,LMB,451,2341,2332,2341,2,NA,,
706,1,1/20/22,NCAT,127,1:05,LMB,477,1037,1037,NA,1,NA,,
707,1,1/21/22,NCAT,40,1:15,LMB,450,1095,1095,NA,1,NA,,
708,1,1/21/22,NCAT,40,1:15,LMB,440,1044,1020,1044,2,NA,,
709,1,1/21/22,NCAT,40,1:15,LMB,346,1023,1023,NA,1,NA,,
710,1,1/21/22,NCAT,40,1:15,LMB,434,1036,1036,1034,2,NA,,
711,1,1/21/22,NCAT,40,1:15,LMB,355,446,446,NA,1,NA,,
712,1,1/21/22,NCAT,40,1:15,LMB,383,2350,2350,NA,1,NA,,
713,1,1/21/22,NCAT,35,47,LMB,395,426,402,426,2,NA,,
714,1,1/21/22,NCAT,35,47,LMB,390,1070,1070,NA,1,NA,,
715,1,1/21/22,NCAT,35,47,LMB,413,417,417,NA,1,NA,,
716,1,1/21/22,NCAT,35,47,LMB,469,1073,1072,1073,2,NA,,
717,1,1/21/22,NCAT,35,47,LMB,512,2322,2322,NA,1,NA,,
718,1,1/21/22,NCAT,35,47,LMB,376,1099,1099,1097,2,NA,,
719,1,1/21/22,NCAT,182,45,LMB,421,450,450,NA,1,NA,,
720,1,1/21/22,NCAT,182,45,LMB,352,1071,1071,NA,1,NA,,
721,1,1/21/22,NCAT,182,45,LMB,454,2343,2342,2343,2,NA,,
722,1,1/21/22,NCAT,182,45,LMB,377,2308,2308,NA,1,NA,,
723,1,1/21/22,NCAT,182,45,LMB,332,408,408,NA,1,NA,,
724,1,1/21/22,TJMAX,82,36:20:00,LMB,372,773,756,773,2,NA,,
725,1,1/21/22,TJMAX,82,36:20:00,LMB,380,1329,1329,NA,1,NA,,
726,1,1/21/22,TJMAX,82,36:20:00,LMB,375,782,782,NA,1,NA,,
727,1,1/21/22,TJMAX,134,39:45:00,LMB,498,865,865,808,2,NA,,
728,1,1/21/22,TJMAX,134,39:45:00,LMB,555,2021,2021,NA,1,NA,,
729,1,1/21/22,TJMAX,134,39:45:00,LMB,486,862,862,NA,1,NA,,
730,1,1/21/22,TJMAX,132,34:20:00,LMB,373,939,864,939,2,NA,,
731,1,1/21/22,TJMAX,132,34:20:00,LMB,440,758,758,NA,1,NA,,
732,1,1/21/22,TJMAX,130,38:45:00,LMB,434,871,871,NA,1,NA,,
733,1,1/21/22,TJMAX,130,38:45:00,LMB,395,878,878,870,2,NA,,
734,1,1/21/22,TJMAX,130,38:45:00,LMB,460,2008,2008,NA,1,NA,,
735,1,1/21/22,TJMAX,130,38:45:00,LMB,452,752,752,NA,1,NA,,
736,1,1/21/22,TJMAX,130,38:45:00,LMB,355,885,867,885,2,NA,,
737,1,1/21/22,TJMAX,130,38:45:00,LMB,352,860,860,NA,1,NA,,
738,1,1/21/22,TJMAX,130,38:45:00,LMB,369,879,879,863,2,NA,,
739,1,1/21/22,TJMAX,130,38:45:00,LMB,423,851,851,NA,1,NA,,
740,1,1/24/22,TJMAX,3,41:35:00,LMB,421,833,833,NA,1,NA,,
741,1,1/24/22,TJMAX,3,41:35:00,LMB,395,868,868,856,2,NA,,
742,1,1/24/22,TJMAX,3,41:35:00,LMB,355,883,883,NA,1,NA,,
743,1,1/24/22,TJMAX,11,37:28:00,LMB,368,927,927,NA,1,NA,,
744,1,1/24/22,TJMAX,11,37:28:00,LMB,415,861,757,861,2,NA,,
745,1,1/24/22,TJMAX,11,37:28:00,LMB,404,801,801,NA,1,NA,,
746,1,1/24/22,TJMAX,12,50:05:00,LMB,408,853,853,NA,1,NA,,
747,1,1/24/22,TJMAX,12,50:05:00,LMB,520,887,887,763,2,NA,,
748,1,1/24/22,TJMAX,12,50:05:00,LMB,385,811,811,NA,1,NA,,
749,1,1/24/22,TJMAX,13,38:42:00,LMB,408,857,857,NA,1,NA,,
750,1,1/24/22,TJMAX,13,38:42:00,LMB,420,873,873,852,2,NA,,
751,1,1/24/22,TJMAX,13,38:42:00,LMB,399,855,855,NA,1,NA,,
752,1,1/24/22,TJMAX,13,38:42:00,LMB,405,766,766,NA,1,NA,,
753,1,1/24/22,TJMAX,200,NA,LMB,459,882,877,882,2,NA,,
754,1,1/24/22,TJMAX,200,NA,LMB,419,2017,2017,NA,1,NA,,
755,1,1/24/22,TJMAX,200,NA,LMB,355,1306,1306,NA,1,NA,,
756,1,1/24/22,TJMAX,200,NA,LMB,389,1347,1347,1345,2,NA,,
757,1,1/24/22,TJMAX,200,NA,LMB,361,2026,2026,NA,1,NA,,
758,1,1/25/22,TJMAX,201,45:51:00,LMB,405,859,859,NA,1,NA,,
759,1,1/25/22,TJMAX,202,45:26:00,LMB,410,991,972,991,2,NA,,
760,1,1/25/22,TJMAX,203,44:46:00,LMB,384,997,997,NA,1,NA,,
761,1,1/25/22,TJMAX,203,44:46:00,LMB,402,965,965,NA,1,NA,,
762,1,1/25/22,TJMAX,203,44:46:00,LMB,505,992,992,987,2,NA,,
763,1,1/25/22,TJMAX,203,44:46:00,LMB,462,996,996,NA,1,NA,,
764,1,1/25/22,TJMAX,203,44:46:00,LMB,475,989,989,NA,1,NA,,
765,1,1/25/22,TJMAX,204,41:29:00,LMB,394,998,998,990,2,NA,,
766,1,1/25/22,TJMAX,204,41:29:00,LMB,409,1343,1343,NA,1,NA,,
767,1,1/25/22,TJMAX,204,41:29:00,LMB,421,994,994,NA,1,NA,,
768,1,1/25/22,TJMAX,204,41:29:00,LMB,465,993,993,988,2,NA,,
769,1,1/25/22,TJMAX,204,41:29:00,LMB,401,999,999,NA,1,NA,,
770,1,1/25/22,TJMAX,204,41:29:00,LMB,424,2030,2030,NA,1,NA,,
771,1,1/25/22,TJMAX,204,41:29:00,LMB,454,1311,1000,1311,2,NA,,
772,1,1/25/22,TJMAX,204,41:29:00,LMB,464,2005,2005,NA,1,NA,,
773,1,1/25/22,TJMAX,204,41:29:00,LMB,513,967,967,NA,1,NA,,
774,1,1/25/22,TJMAX,204,41:29:00,LMB,519,976,976,968,2,NA,,
775,1,1/25/22,TJMAX,83,38:07:00,LMB,357,980,980,NA,1,NA,,
776,1,1/25/22,TJMAX,83,38:07:00,LMB,451,952,952,NA,1,NA,,
777,1,1/25/22,TJMAX,83,38:07:00,LMB,406,981,981,961,2,NA,,
778,1,1/25/22,TJMAX,83,38:07:00,LMB,447,953,953,NA,1,NA,,
779,1,1/25/22,TJMAX,133,42:15:00,LMB,395,966,966,NA,1,NA,,
780,1,1/25/22,TJMAX,133,42:15:00,LMB,479,958,958,956,2,NA,,
781,1,1/25/22,TJMAX,133,42:15:00,LMB,385,962,962,NA,1,NA,,
782,1,1/25/22,TJMAX,133,42:15:00,LMB,432,955,955,NA,1,NA,,
783,1,1/25/22,TJMAX,88,44:01:00,LMB,435,975,975,960,2,NA,,
784,1,1/25/22,TJMAX,88,44:01:00,LMB,431,2028,2028,NA,1,NA,,
785,1,1/25/22,TJMAX,88,44:01:00,LMB,455,1342,1342,NA,1,NA,,
786,1,1/25/22,NCAT,96,23,LMB,361,427,365,427,2,NA,,
787,1,1/25/22,NCAT,125,46,LMB,368,220,220,NA,1,NA,,
788,1,1/25/22,NCAT,126,53,LMB,408,2280,2280,NA,1,NA,,
789,1,1/25/22,NCAT,91,47,LMB,440,1196,1196,1163,2,NA,,
790,1,1/25/22,NCAT,91,47,LMB,487,403,403,NA,1,NA,,
791,1,1/25/22,NCAT,128,108,LMB,365,2254,2254,NA,1,NA,,
792,1,1/25/22,NCAT,128,108,LMB,400,229,211,229,2,NA,,
793,1,1/25/22,NCAT,128,108,LMB,375,1189,1189,NA,1,NA,,
794,1,1/25/22,NCAT,128,108,LMB,380,239,239,NA,1,NA,,
795,1,1/25/22,NCAT,128,108,LMB,355,378,232,378,2,NA,,
796,2,12/7/22,MN,128,1:14 (hour),LMB,461,2398,2398,,1,,,
797,2,12/7/22,MN,128,1:14 (hour),LMB,379,106,106,,1,,,
798,2,12/7/22,MN,128,1:14 (hour),LMB,330,108,107,108,2,,,
799,2,12/7/22,MN,128,1:14 (hour),LMB,530,548,548,,1,150.222,L-86,150.222L-86
800,2,12/8/22,MN,157,51:13:00,LMB,371,547,547,,1,,,
801,2,12/8/22,MN,157,51:13:00,LMB,483,544,544,543,2,150.333,I-14,150.333I-14
802,2,12/8/22,MN,70,48:30:00,LMB,461,540,540,,1,,,
803,2,12/8/22,MN,70,48:30:00,LMB,454,1601,1601,,1,,,
804,2,12/8/22,MN,70,48:30:00,LMB,392,541,539,541,2,,,
805,2,12/8/22,MN,70,48:30:00,LMB,424,2394,2394,,1,150.333,J-40,150.333J-40
806,2,12/8/22,MN,70,48:30:00,LMB,470,1602,1602,,1,,,
807,2,12/8/22,MN,70,48:30:00,LMB,485,1605,1603,1605,2,,,
808,2,12/8/22,MN,70,48:30:00,LMB,446,537,537,,1,150.333,I-75,150.333I-75
809,2,12/8/22,MN,71,56:10:00,LMB,441,536,536,,1,,,
810,2,12/8/22,MN,71,56:10:00,LMB,350,535,535,534,2,,,
811,2,12/8/22,MN,71,56:10:00,LMB,379,533,533,,1,,,
812,2,12/8/22,MN,71,56:10:00,LMB,376,532,532,,1,,,
813,2,12/8/22,MN,71,56:10:00,LMB,545,1611,1610,1611,2,,,
814,2,12/8/22,MN,71,56:10:00,LMB,417,1612,1612,,1,150.222,I-14,150.222I-14
815,2,12/8/22,MN,120,43:50:00,LMB,441,528,528,,1,,,
816,2,12/8/22,MN,159,48:00:00,LMB,395,527,524,527,2,,,
817,2,12/8/22,MN,159,48:00:00,LMB,510,526,526,,1,,,
818,2,12/5/22,MN,47,1:00 (hour),ALB,462,36,36,,1,,,
819,2,12/5/22,MN,47,1:00 (hour),ALB,466,32,32,,1,,,
820,2,12/5/22,MN,47,1:00 (hour),ALB,339,31,31,30,2,,,
821,2,12/5/22,MN,47,1:00 (hour),ALB,335,26,26,,1,,,
822,2,12/6/22,MN,168,1:03 (hour),ALB,444,143,143,,1,150.132,I-75,150.132I-75
823,2,12/5/22,MN,47,1:00 (hour),ALB,308,25,25,,1,,,
824,2,12/5/22,MN,47,1:00 (hour),ALB,331,24,24,23,2,,,
825,2,12/5/22,MN,47,1:00 (hour),ALB,314,22,22,,1,,,
826,2,12/6/22,MN,168,1:03 (hour),ALB,439,142,142,141,2,150.132,J-33,150.132J-33
827,2,12/6/22,MN,50,48:00:00,ALB,417,1437,1437,,1,,,
828,2,12/6/22,MN,50,48:00:00,ALB,468,1436,1436,,1,,,
829,2,12/7/22,MN,123,1:15 (hour),ALB,385,1428,1428,1426,2,,,
830,2,12/7/22,MN,123,1:15 (hour),ALB,340,1427,1427,,1,,,
831,2,12/7/22,MN,123,1:15 (hour),ALB,383,1425,1425,,1,,,
832,2,12/7/22,MN,123,1:15 (hour),ALB,424,1429,1422,1429,2,150.333,I-18,150.333I-18
833,2,12/7/22,MN,124,1:00 (hour),ALB,304,2400,2400,,1,,,
834,2,12/7/22,MN,128,1:14 (hour),ALB,330,109,109,,1,,,
835,2,12/7/22,MN,128,1:14 (hour),ALB,321,111,110,111,2,,,
836,2,12/7/22,MN,128,1:14 (hour),ALB,419,112,112,,1,,,
837,2,12/7/22,MN,128,1:14 (hour),ALB,494,2395,2395,,1,150.222,L-88,150.222L-88
838,2,12/8/22,MN,157,51:13:00,ALB,380,546,546,545,2,,,
839,2,12/8/22,MN,70,48:30:00,ALB,354,538,538,,1,150.222,J-35,150.222J-35
840,2,12/8/22,MN,70,48:30:00,ALB,337,1604,1604,,1,,,
841,2,12/8/22,MN,71,56:10:00,ALB,322,1607,1606,1607,2,,,
842,2,12/8/22,MN,71,56:10:00,ALB,308,1608,1608,,1,,,
843,2,12/8/22,MN,71,56:10:00,ALB,320,1609,1609,,1,,,
844,2,12/8/22,MN,71,56:10:00,ALB,329,531,530,531,2,,,
845,2,12/8/22,MN,120,43:50:00,ALB,460,2393,2393,,1,,,
846,2,12/8/22,MN,120,43:50:00,ALB,420,529,529,,1,150.333,I-08,150.333I-08
847,2,12/8/22,MN,154,48:00:00,ALB,367,542,525,542,2,,,
848,2,12/6/22,TJMAX,37,50:50:00,LMB,305,1457,1457,,1,,,
849,2,12/6/22,TJMAX,,,LMB,411,1456,1456,,1,,,
850,2,12/6/22,TJMAX,36,49:13:00,LMB,413,706,706,705,2,,,
851,2,12/6/22,TJMAX,,,LMB,429,704,704,,1,,,
852,2,12/6/22,TJMAX,,,LMB,480,703,703,,1,,,
853,2,12/6/22,TJMAX,,,LMB,355,702,702,701,2,,,
854,2,12/6/22,TJMAX,,,LMB,340,1455,1455,,1,,,
855,2,12/6/22,TJMAX,,,LMB,333,1453,1453,,1,,,
856,2,12/6/22,TJMAX,,,LMB,349,1454,1454,1452,2,,,
857,2,12/6/22,TJMAX,,,LMB,402,1451,1451,,1,150.333,J-35,150.333J-35
858,2,12/6/22,TJMAX,,,LMB,429,99,99,,1,,,
859,2,12/6/22,TJMAX,,,LMB,375,98,98,97,2,,,
860,2,12/6/22,TJMAX,,,LMB,468,96,96,,1,150.132,I-08,150.132I-08
861,2,12/6/22,TJMAX,,,LMB,360,2444,2444,,1,,,
862,2,12/6/22,TJMAX,178,39:14:00,LMB,310,95,95,94,2,,,
863,2,12/6/22,TJMAX,,,LMB,311,93,93,,1,,,
864,2,12/6/22,TJMAX,,,LMB,310,92,92,,1,,,
865,2,12/6/22,TJMAX,,,LMB,323,1747,1747,1746,2,,,
866,2,12/6/22,TJMAX,,,LMB,326,1748,1748,,1,,,
867,2,12/6/22,TJMAX,,,LMB,420,1745,1745,,1,150.132,I-12,150.132I-12
868,2,12/6/22,TJMAX,,,LMB,335,91,91,90,2,,,
869,2,12/6/22,TJMAX,180,45:00:00,LMB,303,1744,1744,,1,,,
870,2,12/6/22,TJMAX,,,LMB,466,1743,1743,,1,,,
871,2,12/6/22,TJMAX,,,LMB,480,1742,1741,1742,2,,,
872,2,12/6/22,TJMAX,,,LMB,300,89,89,,1,,,
873,2,12/6/22,TJMAX,,,LMB,387,87,87,,1,,,
874,2,12/6/22,TJMAX,,,LMB,370,86,85,86,2,,,
875,2,12/6/22,TJMAX,,,LMB,368,2443,2443,,1,150.132,I-14,150.132I-14
876,2,12/6/22,TJMAX,,,LMB,332,1739,1739,,1,,,
877,2,12/6/22,TJMAX,,,LMB,333,1738,1737,1738,2,,,
878,2,12/6/22,TJMAX,,,LMB,407,84,84,,1,,,
879,2,12/5/22,TJMAX,39,41:23:00,LMB,317,750,750,,1,,,
880,2,12/5/22,TJMAX,,,LMB,325,749,749,,1,,,
881,2,12/5/22,TJMAX,,,LMB,414,748,748,747,2,,,
882,2,12/5/22,TJMAX,,,LMB,384,1500,1500,,1,150.132,J-39,150.132J-39
883,2,12/5/22,TJMAX,,,LMB,383,1499,1499,,1,,,
884,2,12/5/22,TJMAX,,,LMB,336,1498,1498,1497,2,,,
885,2,12/5/22,TJMAX,,,LMB,344,746,746,,1,150.222,I-12,150.222I-12
886,2,12/5/22,TJMAX,,,LMB,340,2450,2450,,1,,,
887,2,12/5/22,TJMAX,,,LMB,327,745,744,745,2,,,
888,2,12/5/22,TJMAX,,,LMB,303,743,743,,1,,,
889,2,12/5/22,TJMAX,,,LMB,300,1496,1496,,1,,,
890,2,12/5/22,TJMAX,,,LMB,310,1495,1495,1494,2,,,
891,2,12/5/22,TJMAX,177,45:31:00,LMB,436,742,742,,1,,,
892,2,12/5/22,TJMAX,,,LMB,520,741,741,,1,150.333,L-86,150.333L-86
893,2,12/5/22,TJMAX,,,LMB,301,740,740,739,2,,,
894,2,12/5/22,TJMAX,,,LMB,461,1493,1493,,1,,,
895,2,12/5/22,TJMAX,,,LMB,327,1492,1492,,1,,,
896,2,12/5/22,TJMAX,41,53:00:00,LMB,452,1491,1490,1491,2,,,
897,2,12/5/22,TJMAX,,,LMB,510,100,100,,1,,,
898,2,12/5/22,TJMAX,,,LMB,381,736,736,,1,,,
899,2,12/5/22,TJMAX,,,LMB,484,735,735,734,2,,,
900,2,12/5/22,TJMAX,,,LMB,574,1489,1489,,1,,,
901,2,12/5/22,TJMAX,,,LMB,486,1488,1488,,1,,,
902,2,12/5/22,TJMAX,,,LMB,364,1487,1487,1486,2,,,
903,2,12/5/22,TJMAX,,,LMB,365,738,738,,1,,,
904,2,12/5/22,TJMAX,,,LMB,509,733,733,,1,,,
905,2,12/5/22,TJMAX,,,LMB,415,1485,1485,,1,150.132,I-09,150.132I-09
906,2,12/5/22,TJMAX,,,LMB,460,1484,1484,,1,150.222,I-13,150.222I-13
907,2,12/5/22,TJMAX,,,LMB,306,1483,1483,1482,2,,,
908,2,12/5/22,TJMAX,,,LMB,465,1481,1481,,1,,,
909,2,12/5/22,TJMAX,42,58:11:00,LMB,336,1480,1480,,1,,,
910,2,12/5/22,TJMAX,,,LMB,387,1479,1479,1478,2,,,
911,2,12/5/22,TJMAX,,,LMB,469,728,728,,1,,,
912,2,12/5/22,TJMAX,,,LMB,352,727,727,,1,,,
913,2,12/5/22,TJMAX,,,LMB,314,726,726,725,2,,,
914,2,12/5/22,TJMAX,,,LMB,383,1477,1477,,1,150.333,L-89,150.333L-89
915,2,12/5/22,TJMAX,,,LMB,503,1476,1476,,1,,,
916,2,12/5/22,TJMAX,,,LMB,466,1475,1475,1474,2,,,
917,2,12/5/22,TJMAX,,,LMB,338,724,724,,1,,,
918,2,12/5/22,TJMAX,,,LMB,408,723,723,,1,150.132,J-35,150.132J-35
919,2,12/5/22,TJMAX,,,LMB,441,722,722,721,2,,,
920,2,12/5/22,TJMAX,,,LMB,325,1473,1473,,1,,,
921,2,12/5/22,TJMAX,,,LMB,417,1471,1471,,1,150.232,I-75,150.232I-75
922,2,12/5/22,TJMAX,,,LMB,452,719,719,718,2,,,
923,2,12/5/22,TJMAX,,,LMB,435,717,717,,1,,,
924,2,12/5/22,TJMAX,,,LMB,360,716,716,,1,150.333,L-94,150.333L-94
925,2,12/5/22,TJMAX,,,LMB,366,1468,1468,1467,2,,,
926,2,12/6/22,TJMAX,43,39:40:00,LMB,476,2447,2447,,1,150.333,L-90,150.333L-90
927,2,12/6/22,TJMAX,,,LMB,483,715,715,,1,,,
928,2,12/6/22,TJMAX,38,48:07:00,LMB,340,1466,1466,1465,2,,,
929,2,12/6/22,TJMAX,,,LMB,394,1464,1464,,1,150.222,J-36,150.222J-36
930,2,12/6/22,TJMAX,,,LMB,521,1463,1463,,1,,,
931,2,12/6/22,TJMAX,,,LMB,354,714,714,713,2,,,
932,2,12/6/22,TJMAX,,,LMB,368,2446,2446,,1,,,
933,2,12/6/22,TJMAX,,,LMB,344,712,712,,1,,,
934,2,12/6/22,TJMAX,,,LMB,348,711,711,710,2,,,
935,2,12/6/22,TJMAX,,,LMB,338,1462,1462,,1,,,
936,2,12/6/22,TJMAX,,,LMB,485,1461,1461,,1,150.333,J-34,150.333J-34
937,2,12/6/22,TJMAX,,,LMB,315,1460,1460,1458,2,,,
938,2,12/6/22,TJMAX,,,LMB,304,2445,2445,,1,,,
939,2,12/6/22,TJMAX,37,50:50:00,LMB,394,709,709,,1,150.132,J-34,150.132J-34
940,2,12/6/22,TJMAX,,,LMB,313,708,708,707,2,,,
941,2,12/7/22,TJMAX,33,49:56:00,LMB,399,1715,1715,1714,2,,,
942,2,12/7/22,TJMAX,,,LMB,408,1713,1713,,1,,,
943,2,12/7/22,TJMAX,,,LMB,485,1712,1712,,1,,,
944,2,12/7/22,TJMAX,,,LMB,386,1711,1711,1710,2,,,
945,2,12/7/22,TJMAX,,,LMB,461,2439,2439,,1,,,
946,2,12/7/22,TJMAX,,,LMB,598,1708,1708,,1,,,
947,2,12/7/22,TJMAX,,,LMB,529,52,52,51,2,150.222,J-33,150.222J-33
948,2,12/7/22,TJMAX,,,LMB,411,1707,1707,,1,150.132,I-15,150.132I-15
949,2,12/7/22,TJMAX,32,47:22:00,LMB,375,4099,4099,,1,150.222,J-38,150.222J-38
950,2,12/7/22,TJMAX,,,LMB,475,4098,4098,,1,,,
951,2,12/7/22,TJMAX,,,LMB,360,4093,4093,4092,2,,,
952,2,12/7/22,TJMAX,,,LMB,451,1701,1701,,1,,,
953,2,12/7/22,TJMAX,,,LMB,390,4091,4091,4090,2,,,
954,2,12/7/22,TJMAX,,,LMB,415,4089,4089,,1,,,
955,2,12/7/22,TJMAX,,,LMB,400,5000,5000,,1,,,
956,2,12/7/22,TJMAX,,,LMB,430,4088,4088,4087,2,,,
957,2,12/8/22,TJMAX,198,43:53:00,LMB,500,4085,4085,,1,150.222,L-93,150.222L-93
958,2,12/8/22,TJMAX,98,83:43:00,LMB,351,4073,4073,,1,,,
959,2,12/8/22,TJMAX,,,LMB,446,5015,5014,5015,2,,,
960,2,12/8/22,TJMAX,,,LMB,357,5017,5017,,1,150.333,I-13,150.333I-13
961,2,12/8/22,TJMAX,,,LMB,505,4070,4070,,1,,,
962,2,12/8/22,TJMAX,,,LMB,394,4069,4069,4068,2,,,
963,2,12/8/22,TJMAX,101,59:00:00,LMB,410,4055,4055,,1,,,
964,2,12/8/22,TJMAX,,,LMB,380,2431,2431,,1,,,
965,2,12/8/22,MarcusMax,198,43:53:00,ALB,336,4086,4086,,1,,,
966,2,12/8/22,MarcusMax,,,ALB,435,4084,4084,4083,2,,,
967,2,12/8/22,MarcusMax,,,ALB,463,5003,5003,,1,,,
968,2,12/8/22,MarcusMax,,,ALB,305,5004,5004,,1,,,
969,2,12/8/22,MarcusMax,,,ALB,470,5006,5005,5006,2,,,
970,2,12/8/22,MarcusMax,,,ALB,408,2437,2437,,1,,,
971,2,12/8/22,MarcusMax,,,ALB,307,4082,4082,,1,,,
972,2,12/8/22,MarcusMax,,,ALB,389,5008,5007,5008,2,150.222,I-20,150.222I-20
973,2,12/8/22,MarcusMax,,,ALB,361,4081,4081,,1,150.132,L-85,150.132L-86
974,2,12/8/22,MarcusMax,,,ALB,319,4080,4080,,1,,,
975,2,12/8/22,MarcusMax,,,ALB,347,4079,4078,4079,2,,,
976,2,12/8/22,MarcusMax,,,ALB,319,5009,5009,,1,,,
977,2,12/8/22,MarcusMax,,,ALB,410,5010,5010,,1,,,
978,2,12/8/22,MarcusMax,,,ALB,394,5012,5011,5012,2,150.333,L-85,150.333L-85
979,2,12/8/22,MarcusMax,,,ALB,306,4077,4077,,1,,,
980,2,12/8/22,MarcusMax,,,ALB,309,4076,4076,,1,,,
981,2,12/8/22,MarcusMax,,,ALB,312,4075,4074,4075,2,,,
982,2,12/8/22,MarcusMax,,,ALB,315,2436,2436,,1,,,
983,2,12/8/22,MarcusMax,98,83:43:00,ALB,427,4072,4072,4071,2,,,
984,2,12/8/22,MarcusMax,,,ALB,394,5016,5016,,1,,,
985,2,12/8/22,MarcusMax,,,ALB,326,5020,5019,5020,2,,,
986,2,12/8/22,MarcusMax,,,ALB,341,4067,4067,,1,,,
987,2,12/8/22,MarcusMax,,,ALB,330,4066,4066,4065,2,,,
988,2,12/8/22,MarcusMax,,,ALB,330,5022,5022,,1,,,
989,2,12/8/22,MarcusMax,,,ALB,350,5023,5023,,1,,,
990,2,12/8/22,MarcusMax,,,ALB,375,2435,2435,,1,150.222,L-94,150.222L-94
991,2,12/8/22,MarcusMax,,,ALB,341,2434,2434,,1,,,
992,2,12/8/22,MarcusMax,,,ALB,315,4064,4064,4063,2,,,
993,2,12/8/22,MarcusMax,98,83:43:00,ALB,359,4062,4062,,1,,,
994,2,12/8/22,MarcusMax,,,ALB,321,4061,4061,,1,,,
995,2,12/8/22,MarcusMax,,,ALB,325,5027,5027,5026,2,,,
996,2,12/8/22,MarcusMax,,,ALB,331,5028,5028,,1,,,
997,2,12/8/22,MarcusMax,101,59:00:00,ALB,370,4060,4060,,1,150.222,L-89,150.222L-89
998,2,12/8/22,MarcusMax,,,ALB,305,4059,4058,4059,2,,,
999,2,12/8/22,MarcusMax,,,ALB,371,5029,5029,,1,,,
1000,2,12/8/22,MarcusMax,,,ALB,400,5030,5030,,1,150.222,J-41,150.222J-41
1001,2,12/8/22,MarcusMax,,,ALB,364,5032,5031,5032,2,,,
1002,2,12/8/22,MarcusMax,,,ALB,437,5033,5033,,1,150.333,I-20,150.333I-20
1003,2,12/8/22,MarcusMax,,,ALB,316,5034,5034,,1,,,
1004,2,12/8/22,MarcusMax,,,ALB,324,5036,5036,5035,2,,,
1005,2,12/8/22,MarcusMax,,,ALB,339,4057,4057,,1,,,
1006,2,12/8/22,MarcusMax,,,ALB,492,4056,4056,,1,150.333,L-92,150.333L-92
1007,2,12/8/22,MarcusMax,,,ALB,325,5038,5037,5038,2,,,
1008,2,12/8/22,MarcusMax,,,ALB,331,4054,4054,,1,,,
1009,2,12/8/22,MarcusMax,,,ALB,341,2433,2433,,1,,,
1010,2,12/8/22,MarcusMax,,,ALB,305,4053,4053,4052,2,,,
1011,2,12/8/22,MarcusMax,,,ALB,322,5039,5039,,1,,,
1012,2,12/8/22,MarcusMax,,,ALB,323,5040,5040,,1,,,
1013,2,12/8/22,MarcusMax,,,ALB,332,5042,5041,5042,2,,,
1014,2,12/8/22,MarcusMax,,,ALB,489,2432,2432,,1,150.333,I-9,150.333I-9
1015,2,12/6/22,MarcusNat,57,51,LMB,301,122,122,,1,,,
1016,2,12/6/22,MarcusNat,57,51,LMB,308,121,121,120,2,,,
1017,2,12/7/22,MarcusNat,123,75,LMB,337,1431,1431,,1,,,
1018,2,12/7/22,MarcusNat,123,76,LMB,390,1423,1423,,1,,,
1019,2,12/7/22,MarcusNat,123,77,LMB,412,1430,1424,1430,2,150.132,J-38,150.132J-38
1020,2,12/7/22,MarcusNat,124,60,LMB,368,1421,1421,,1,,,
1021,2,12/7/22,MarcusNat,124,60,LMB,349,1420,1420,,1,,,
1022,2,12/7/22,MarcusNat,124,60,LMB,349,1419,1419,1418,2,,,
1023,2,12/7/22,MarcusNat,124,60,LMB,353,1417,1417,,1,,,
1024,2,12/7/22,MarcusNat,124,60,LMB,512,2399,2399,,1,150.222,L-87,150.222L-87
1025,2,12/7/22,MarcusNat,124,60,LMB,315,1416,1416,1415,2,,,
1026,2,12/7/22,MarcusNat,124,60,LMB,383,1414,1414,,1,,,
1027,2,12/7/22,MarcusNat,124,60,LMB,350,1413,1413,,1,,,
1028,2,12/7/22,MarcusNat,124,60,LMB,464,1412,1412,1411,2,,,
1029,2,12/7/22,MarcusNat,124,60,LMB,438,1410,1410,,1,,,
1030,2,12/7/22,MarcusNat,124,60,LMB,454,1405,1405,,1,150.222,L-91,150.222L-91
1031,2,12/7/22,MarcusNat,124,60,LMB,455,1409,1409,1408,2,,,
1032,2,12/7/22,MarcusNat,124,60,LMB,311,1407,1407,,1,,,
1033,2,12/7/22,MarcusNat,124,60,LMB,345,1406,1406,,1,,,
1034,2,12/7/22,MarcusNat,124,60,LMB,453,1404,1404,1403,2,150.222,L-85,150.222L-85
1035,2,12/7/22,MarcusNat,127,45,LMB,365,1402,1402,,1,,,
1036,2,12/7/22,MarcusNat,127,45,LMB,348,1401,1401,,1,,,
1037,2,12/7/22,MarcusNat,127,45,LMB,336,116,116,115,2,,,
1038,2,12/7/22,MarcusNat,127,45,LMB,445,114,114,,1,,,
1039,2,12/7/22,MarcusNat,127,45,LMB,429,113,113,,1,,,
1040,2,12/7/22,MarcusNat,128,74,LMB,513,553,553,549,2,,,
1041,2,12/7/22,MarcusNat,128,74,LMB,381,39,39,,1,,,
1042,2,12/7/22,MarcusNat,128,74,LMB,361,101,101,,1,,,
1043,2,12/7/22,MarcusNat,128,74,LMB,377,103,102,103,2,,,
1044,2,12/7/22,MarcusNat,128,74,LMB,389,104,104,,1,,,
1045,2,12/7/22,MarcusNat,128,74,LMB,342,105,105,,1,,,
1046,2,12/7/22,MarcusNat,128,74,LMB,454,2397,2397,2396,2,150.132,I-16,150.132I-16
1047,2,12/6/22,MarcusNat,168,73,LMB,307,1,1,,1,,,
1048,2,12/6/22,MarcusNat,168,73,LMB,346,150,14,150,2,,,
1049,2,12/6/22,MarcusNat,168,73,LMB,321,149,149,,1,,,
1050,2,12/6/22,MarcusNat,168,73,LMB,376,148,148,147,2,,,
1051,2,12/6/22,MarcusNat,168,73,LMB,422,140,140,,1,150.333,J-39,150.333J-39
1052,2,12/6/22,MarcusNat,168,73,LMB,323,146,146,,1,,,
1053,2,12/6/22,MarcusNat,168,73,LMB,357,145,145,144,2,,,
1054,2,12/6/22,MarcusNat,167,43,LMB,371,1445,1445,,1,,,
1055,2,12/6/22,MarcusNat,,,LMB,341,1446,1446,,1,,,
1056,2,12/6/22,MarcusNat,,,LMB,532,1444,1444,1443,2,150.222,I-16,150.222I-16
1057,2,12/6/22,MarcusNat,50,48,LMB,425,1442,1442,,1,,,
1058,2,12/6/22,MarcusNat,,,LMB,314,1441,1441,,1,,,
1059,2,12/6/22,MarcusNat,,,LMB,337,4439,1440,4439,2,,,
1060,2,12/6/22,MarcusNat,,,LMB,351,1438,1438,,1,,,
1061,2,12/6/22,MarcusNat,,,LMB,307,1435,1435,,1,,,
1062,2,12/6/22,MarcusNat,,,LMB,511,1432,1432,,1,150.333,L-88,150.333L-88
1063,2,12/6/22,MarcusNat,,,LMB,304,1434,1434,1433,2,,,
1064,2,12/6/22,MarcusNat,57,51,LMB,345,139,139,,1,,,
1065,2,12/6/22,MarcusNat,,,LMB,336,138,137,138,2,,,
1066,2,12/6/22,MarcusNat,,,LMB,300,136,136,,1,,,
1067,2,12/6/22,MarcusNat,,,LMB,470,119,119,,1,150.132,J-37,150.132J-37
1068,2,12/6/22,MarcusNat,,,LMB,392,135,135,134,2,,,
1069,2,12/6/22,MarcusNat,,,LMB,331,133,133,,1,,,
1070,2,12/6/22,MarcusNat,,,LMB,326,132,132,,1,,,
1071,2,12/6/22,MarcusNat,,,LMB,414,131,131,130,2,,,
1072,2,12/6/22,MarcusNat,,,LMB,463,118,118,,1,150.132,J-36,150.132J-36
1073,2,12/6/22,MarcusNat,,,LMB,312,129,129,,1,,,
1074,2,12/6/22,MarcusNat,,,LMB,365,128,128,127,2,,,
1075,2,12/6/22,MarcusNat,,,LMB,334,126,126,,1,,,
1076,2,12/6/22,MarcusNat,,,LMB,308,125,125,,1,,,
1077,2,12/6/22,MarcusNat,,,LMB,419,124,124,123,2,,,
1078,2,12/6/22,MarcusNat,,,LMB,525,117,117,,1,150.132,I-13,150.132I-13
1079,2,12/5/22,MarcusNat,44,26,LMB,366,41,41,,1,,,
1080,2,12/5/22,MarcusNat,,,LMB,330,40,40,,1,,,
1081,2,12/5/22,MarcusNat,45,54,LMB,396,43,42,43,2,,,
1082,2,12/5/22,MarcusNat,,,LMB,310,44,44,,1,,,
1083,2,12/5/22,MarcusNat,,,LMB,482,1450,1450,,1,150.222,I-18,150.222I-18
1084,2,12/5/22,MarcusNat,,,LMB,325,46,45,46,2,,,
1085,2,12/5/22,MarcusNat,,,LMB,312,47,47,,1,,,
1086,2,12/5/22,MarcusNat,,,LMB,407,48,48,,1,,,
1087,2,12/5/22,MarcusNat,,,LMB,395,50,49,50,2,,,
1088,2,12/5/22,MarcusNat,,,LMB,500,1449,1449,,1,150.132,L-84,150.132L-84
1089,2,12/5/22,MarcusNat,,,LMB,300,38,38,,1,,,
1090,2,12/5/22,MarcusNat,175,35,LMB,376,1448,1447,1448,2,,,
1091,2,12/5/22,MarcusNat,47,60,LMB,355,37,37,,1,,,
1092,2,12/5/22,MarcusNat,,,LMB,515,35,35,,1,,,
1093,2,12/5/22,MarcusNat,,,LMB,408,34,34,33,2,,,
1094,2,12/5/22,MarcusNat,,,LMB,530,21,21,,1,150.222,I-17,150.222I-17
1095,2,12/5/22,MarcusNat,,,LMB,438,29,29,,1,,,
1096,2,12/5/22,MarcusNat,,,LMB,330,28,28,27,2,,,
1097,2,12/5/22,MarcusNat,,,LMB,320,20,20,,1,,,
1098,2,12/5/22,MarcusNat,,,LMB,338,19,19,,1,,,
1099,2,12/5/22,MarcusNat,,,LMB,385,16,16,15,2,150.222,I-19,150.222I-19
1100,2,12/5/22,MarcusNat,,,LMB,373,18,18,,1,,,
1101,2,12/5/22,MarcusNat,,,LMB,318,17,17,,1,,,
1102,2,12/5/22,MarcusNat,169,45,LMB,311,13,10,13,2,,,
1103,2,12/5/22,MarcusNat,,,LMB,340,12,12,,1,,,
1104,2,12/5/22,MarcusNat,,,LMB,498,3,3,,1,150.333,J-38,150.333J-38
1105,2,12/5/22,MarcusNat,,,LMB,390,11,11,8,2,,,
1106,2,12/5/22,MarcusNat,,,LMB,301,9,9,,1,,,
1107,2,12/5/22,MarcusNat,,,LMB,340,5,5,,1,,,
1108,2,12/5/22,MarcusNat,,,LMB,318,7,7,6,2,,,
1109,2,12/5/22,MarcusNat,,,LMB,318,4,4,,1,,,
1110,2,12/5/22,MarcusNat,,,LMB,501,2,2,,1,150.333,J-37,150.333J-37
1111,2,12/5/22,TJMAX,41,53,ALB,392,737,737,,1,,,
1112,2,12/5/22,TJMAX,,,ALB,435,2449,2449,,1,,,
1113,2,12/5/22,TJMAX,42,59:11:00,ALB,462,730,730,729,2,150.132,I-11,150.132I-11
1114,2,12/5/22,TJMAX,,,ALB,393,2448,2448,,1,,,
1115,2,12/5/22,TJMAX,,,ALB,327,1472,1472,,1,,,
1116,2,12/5/22,TJMAX,,,ALB,385,1470,1469,1470,2,,,
1117,2,12/5/22,TJMAX,,,ALB,317,720,720,,1,,,
1118,2,12/6/22,TJMAX,37,50:50:00,ALB,340,1459,1459,,1,,,
1119,2,12/6/22,TJMAX,36,49:13:00,ALB,311,1750,1750,1749,2,,,
1120,2,12/6/22,TJMAX,180,45,ALB,415,88,88,,1,150.333,L-91,150.333L-91
1121,2,12/6/22,TJMAX,,,ALB,416,1740,1740,,1,,,
1122,2,12/6/22,TJMAX,181,47:50:00,ALB,386,1736,1736,1735,2,,,
1123,2,12/6/22,TJMAX,,,ALB,456,75,75,,1,,,
1124,2,12/6/22,TJMAX,,,ALB,388,70,70,,1,,,
1125,2,12/7/22,TJMAX,197,36:05:00,ALB,451,61,61,60,2,150.333,J-33,150.333J-33
1126,2,12/7/22,TJMAX,,,ALB,420,2440,2440,,1,,,
1127,2,12/7/22,TJMAX,,,ALB,463,1720,1720,,1,,,
1128,2,12/7/22,TJMAX,,,ALB,376,59,58,59,2,,,
1129,2,12/7/22,TJMAX,,,ALB,328,57,57,,1,,,
1130,2,12/7/22,TJMAX,33,49:56:00,ALB,500,1716,1716,,1,,,
1131,2,12/7/22,TJMAX,,,ALB,455,54,53,54,2,,,
1132,2,12/7/22,TJMAX,,,ALB,452,1709,1709,,1,150.333,L-84,150.333L-84
1133,2,12/7/22,TJMAX,,,ALB,398,4097,4097,,1,,,
1134,2,12/7/22,TJMAX,,,ALB,400,1706,1706,1705,2,,,
1135,2,12/7/22,TJMAX,,,ALB,465,4096,4096,,1,,,
1136,2,12/7/22,TJMAX,,,ALB,495,1704,1704,,1,,,
1137,2,12/7/22,TJMAX,,,ALB,440,4095,4095,4094,2,,,
1138,2,12/7/22,TJMAX,,,ALB,445,1703,1703,,1,150.333,J-41,150.333J-41
1139,2,12/7/22,TJMAX,,,ALB,368,1702,1702,,1,,,
1140,2,12/7/22,TJMAX,,,ALB,392,5002,5001,5002,2,,,
1141,2,12/7/22,TJMAX,,,ALB,310,2438,2438,,1,,,
1142,2,12/6/22,TJMAX,181,47:50:00,LMB,366,83,83,,1,,,
1143,2,12/6/22,TJMAX,,,LMB,325,82,82,81,2,,,
1144,2,12/6/22,TJMAX,,,LMB,351,80,80,,1,,,
1145,2,12/6/22,TJMAX,,,LMB,370,1734,1734,,1,,,
1146,2,12/6/22,TJMAX,,,LMB,366,1733,1732,1733,2,,,
1147,2,12/6/22,TJMAX,,,LMB,492,79,79,,1,,,
1148,2,12/6/22,TJMAX,,,LMB,516,78,78,76,2,,,
1149,2,12/6/22,TJMAX,,,LMB,321,1731,1731,,1,,,
1150,2,12/6/22,TJMAX,,,LMB,315,2442,2442,,1,,,
1151,2,12/6/22,TJMAX,,,LMB,360,1730,1730,1729,2,,,
1152,2,12/6/22,TJMAX,,,LMB,326,74,74,,1,,,
1153,2,12/6/22,TJMAX,,,LMB,466,73,73,,1,,,
1154,2,12/6/22,TJMAX,,,LMB,322,72,72,71,2,,,
1155,2,12/6/22,TJMAX,,,LMB,376,2441,2441,,1,,,
1156,2,12/7/22,TJMAX,189,32:10:00,LMB,452,68,68,,1,150.132,I-17,150.132I-17
1157,2,12/7/22,TJMAX,,,LMB,330,69,69,67,2,,,
1158,2,12/7/22,TJMAX,193,42:50:00,LMB,367,66,66,,1,150.333,J36,150.333J36
1159,2,12/7/22,TJMAX,,,LMB,518,65,65,,1,150.222,J39,150.222J39
1160,2,12/7/22,TJMAX,,,LMB,380,64,64,63,2,150.132,J41,150.132J41
1161,2,12/7/22,TJMAX,,,LMB,302,1728,1728,,1,,,
1162,2,12/7/22,TJMAX,,,LMB,374,1727,1727,,1,,,
1163,2,12/7/22,TJMAX,,,LMB,457,1726,1726,1725,2,,,
1164,2,12/7/22,TJMAX,197,36:05:00,LMB,360,1724,1724,,1,,,
1165,2,12/7/22,TJMAX,,,LMB,448,1723,1723,,1,,,
1166,2,12/7/22,TJMAX,,,LMB,491,1722,1721,1722,2,,,
1167,2,12/7/22,TJMAX,,,LMB,505,62,62,,1,150.132,I-19,150.132I-19
1168,2,12/7/22,TJMAX,,,LMB,303,1719,1719,,1,,,
1169,2,12/7/22,TJMAX,,,LMB,489,1718,1717,1718,2,,,
1170,2,12/7/22,TJMAX,,,LMB,427,56,56,,1,150.222,J40,150.222J40
1171,2,12/7/22,TJMAX,,,LMB,303,55,55,,1,,,
1172,2,12/9/22,TJMAX,99,53,LMB,390,4051,4051,4050,2,,,
1173,2,12/9/22,TJMAX,,,LMB,431,5043,5043,,1,150.222,J-34,150.222J-34
1174,2,12/9/22,TJMAX,,,LMB,485,5047,5047,,1,,,
1175,2,12/9/22,TJMAX,,,LMB,411,5049,5048,5049,2,,,
1176,2,12/9/22,TJMAX,,,LMB,459,4149,4149,,1,,,
1177,2,12/9/22,TJMAX,105,42:45:00,LMB,380,4148,4148,,1,,,
1178,2,12/9/22,TJMAX,,,LMB,401,4147,4147,4146,2,,,
1179,2,12/9/22,TJMAX,106,42:33:00,LMB,418,1600,1600,,1,150.333,I-16,150.333I-16
1180,2,12/9/22,MarcusMax,99,53,ALB,377,5044,5044,,1,,,
1181,2,12/9/22,,,,ALB,434,5046,5045,5046,2,150.333,I-19,150.333I-19
1182,2,12/9/22,,,,ALB,406,2430,2430,,1,150.222,L-92,150.222L-92
1183,2,12/9/22,,,,ALB,331,1599,1599,,1,,,
1184,2,12/9/22,,105,42:45:00,ALB,472,2429,2429,,1,,,
1185,2,12/9/22,,106,42:33:00,ALB,355,1594,1594,1593,2,,,
1186,2,12/9/22,,,,ALB,326,1592,1592,,1,,,
1187,2,12/9/22,,,,ALB,330,4145,4144,4145,2,,,
1188,2,12/9/22,,76,45:33:00,ALB,372,4141,4141,,1,,,
1189,2,12/9/22,,,,ALB,334,4140,4140,,1,,,
1190,2,12/9/22,,,,ALB,358,1591,1590,1591,2,,,
1191,2,12/9/22,,,,ALB,486,1589,1589,,1,,,
1192,2,12/9/22,,,,ALB,300,1587,1587,,1,,,
1193,2,12/9/22,,,,ALB,385,1586,1585,1586,2,,,
1194,2,12/9/22,,,,ALB,498,4139,4139,,1,150.333,I-17,150.333I-17
1195,2,12/9/22,,,,ALB,356,2427,2427,,1,,,
1196,2,12/9/22,,,,ALB,330,4138,4138,4137,2,,,
1197,2,12/9/22,,,,ALB,315,4136,4136,,1,,,
1198,2,12/9/22,,,,ALB,328,4135,4135,,1,,,
1199,2,12/9/22,,,,ALB,310,4134,4134,4133,2,,,
1200,2,12/9/22,,,,ALB,400,2426,2426,,1,150.333,I-12,150.333I-12
1201,2,12/9/22,,,,ALB,446,1583,1583,1582,2,150.333,I-11,150.333I-11
1202,2,12/9/22,MarcusMax,106,42:33:00,LMB,446,1598,1598,,1,,,
1203,2,12/9/22,,,,LMB,409,1597,1596,1597,2,,,
1204,2,12/9/22,,,,LMB,467,1595,1595,,1,150.333,I-15,150.333I-15
1205,2,12/9/22,,76,45:33:00,LMB,418,4143,4143,4142,2,,,
1206,2,12/9/22,,,,LMB,405,1588,1588,,1,,,
1207,2,12/9/22,,,,LMB,350,1584,1584,,1,,,
1208,2,12/12/22,MarcusMax,73,54:10:00,LMB,387,4001,4001,,1,,,
1209,2,12/12/22,MarcusMax,,,LMB,365,4002,4002,,1,,,
1210,2,12/12/22,MarcusMax,,,LMB,430,4004,4003,4004,2,,,
1211,2,12/12/22,MarcusMax,,,LMB,379,1615,1615,,1,150.132,L-94,150.132L-94
1212,2,12/12/22,MarcusMax,,,LMB,362,2425,2425,,1,,,
1213,2,12/12/22,MarcusMax,,,LMB,397,1619,1618,1619,2,150.222,I-15,150.222I-15
1214,2,12/12/22,MarcusMax,74,49:03:00,LMB,400,1621,1621,,1,150.132,L-87,150.132L-87
1215,2,12/12/22,MarcusMax,,,LMB,361,1622,1622,,1,,,
1216,2,12/12/22,MarcusMax,,,LMB,392,4007,4006,4007,2,,,
1217,2,12/12/22,MarcusMax,,,LMB,411,4008,4008,,1,,,
1218,2,12/12/22,MarcusMax,,,LMB,376,4010,4010,,1,,,
1219,2,12/12/22,MarcusMax,,,LMB,360,4012,4011,4012,2,,,
1220,2,12/12/22,MarcusMax,,,LMB,475,1629,1629,,1,,,
1221,2,12/12/22,MarcusMax,,,LMB,422,4015,4015,,1,,,
1222,2,12/12/22,MarcusMax,,,LMB,530,4017,4016,4017,2,,,
1223,2,12/12/22,MarcusMax,75,57:54:00,LMB,433,1638,1638,,1,,,
1224,2,12/12/22,MarcusMax,,,LMB,450,1641,1641,,1,150.132,L-90,150.132L-90
1225,2,12/12/22,MarcusMax,119,48:19:00,LMB,480,4027,4026,4027,2,,,
1226,2,12/12/22,MarcusMax,,,LMB,441,4028,4028,,1,,,
1227,2,12/12/22,MarcusMax,,,LMB,403,1645,1645,,1,,,
1228,2,12/12/22,MarcusMax,88,70:53:00,LMB,413,4034,4033,4034,2,,,
1229,2,12/12/22,MarcusMax,,,LMB,425,4035,4035,,1,,,
1230,2,12/12/22,MarcusMax,,,LMB,403,1649,1649,,1,,,
1231,2,12/12/22,MarcusMax,,,LMB,409,1902,1901,1902,2,,,
1232,2,12/15/22,TJ/Natalie ,207,48:53:00,ALB,446,1800,1800,,1,150.132,J-40,150.132J-40
1233,2,12/15/22,TJ/Natalie ,24,29:09:00,ALB,465,4155,4155,,1,,,
1234,2,12/15/22,TJ/Natalie ,,,ALB,428,4158,4158,4157,2,,,
1235,2,12/15/22,TJ/Natalie ,1,62:32:00,ALB,404,4164,4164,,1,,,
1236,2,12/15/22,TJ/Natalie ,,,ALB,424,4163,4163,,1,150.222,I-8,150.222I-8
1237,2,12/15/22,TJ/Natalie ,80,59:07:00,ALB,354,4165,4165,4161,2,150.132,I-18,150.132I-18
1238,2,12/15/22,TJ/Natalie ,77,59:38:00,ALB,444,4167,4167,,1,150.132,L-95,150.132L-95
1239,2,12/15/22,TJ/Natalie ,,,ALB,360,4166,4166,,1,,,
1240,2,12/15/22,TJ/Natalie ,,,ALB,432,4168,4168,4162,2,,,
1241,2,12/15/22,TJ/Natalie ,,,ALB,334,1790,1790,,1,,,
1242,2,12/15/22,TJ/Natalie ,,,ALB,416,1792,1792,,1,,,
1243,2,12/15/22,TJ/Natalie ,,,ALB,463,1789,1789,1291,2,,,
1244,2,12/15/22,TJ/Natalie ,,,ALB,380,1787,1787,,1,,,
1245,2,12/15/22,TJ/Natalie ,207,48:53:00,LMB,541,1799,1799,,1,,,
1246,2,12/15/22,TJ/Natalie ,,,LMB,458,1798,1798,,1,,,
1247,2,12/15/22,TJ/Natalie ,,,LMB,411,1797,1797,1796,2,,,
1248,2,12/15/22,TJ/Natalie ,,,LMB,420,4153,4153,,1,,,
1249,2,12/15/22,TJ/Natalie ,,,LMB,416,4154,4154,,1,,,
1250,2,12/15/22,TJ/Natalie ,24,29:09:00,LMB,442,1795,1795,1794,2,,,
1251,2,12/15/22,TJ/Natalie ,,,LMB,489,2459,2459,,1,,,
1252,2,12/15/22,TJ/Natalie ,,,LMB,445,4156,4156,,1,,,
1253,2,12/15/22,TJ/Natalie ,23,31:33:00,LMB,511,4160,4160,4159,2,,,
1254,2,12/15/22,TJ/Natalie ,1,62:32:00,LMB,453,1793,1793,,1,,,
1255,2,12/15/22,TJ/Natalie ,80,59:07:00,LMB,437,2460,2460,,1,,,
1256,2,12/13/22,TJ/Max,90,56:54:00,ALB,336,4450,4450,,1,,,
1257,2,12/13/22,TJ/Max,,,ALB,479,4453,4452,4453,2,,,
1258,2,12/13/22,TJ/Max,,,ALB,319,1939,1939,,1,,,
1259,2,12/13/22,TJ/Max,,,ALB,367,1940,1940,,1,,,
1260,2,12/13/22,TJ/Max,,,ALB,455,1942,1942,1941,2,,,
1261,2,12/13/22,TJ/Max,91,53:54:00,ALB,436,2402,2402,,1,,,
1262,2,12/13/22,TJ/Max,,,ALB,375,4454,4454,,1,,,
1263,2,12/13/22,TJ/Max,,,ALB,361,4456,4455,4456,2,,,
1264,2,12/13/22,TJ/Max,,,ALB,390,1943,1943,,1,,,
1265,2,12/13/22,TJ/Max,,,ALB,389,4457,4457,,1,,,
1266,2,12/13/22,TJ/Max,,,ALB,385,4459,4459,4458,2,,,
1267,2,12/13/22,TJ/Max,,,ALB,401,4460,4460,,1,,,
1268,2,12/13/22,TJ/Max,,,ALB,357,4461,4461,,1,,,
1269,2,12/13/22,TJ/Max,,,ALB,388,1948,1947,1948,2,,,
1270,2,12/13/22,TJ/Max,,,ALB,458,1949,1949,,1,,,
1271,2,12/13/22,TJ/Max,,,ALB,497,5098,5098,,1,,,
1272,2,12/13/22,TJ/Max,,,ALB,415,4463,4462,4463,2,,,
1273,2,12/13/22,TJ/Max,,,ALB,465,4464,4464,,1,,,
1274,2,12/13/22,TJ/Max,,,ALB,361,4465,4465,,1,,,
1275,2,12/13/22,TJ/Max,,,ALB,361,4467,4466,4467,2,,,
1276,2,12/13/22,TJ/Max,,,ALB,351,5099,5099,,1,,,
1277,2,12/13/22,TJ/Max,85,61:00:00,ALB,462,5097,5097,,1,,,
1278,2,12/13/22,TJ/Max,,,ALB,380,5095,5094,5095,2,,,
1279,2,12/13/22,TJ/Max,,,ALB,457,4472,4472,,1,,,
1280,2,12/13/22,TJ/Max,,,ALB,437,5093,5093,,1,,,
1281,2,12/13/22,TJ/Max,,,ALB,412,5090,5090,5089,2,,,
1282,2,12/13/22,TJ/Max,,,ALB,358,2403,2403,,1,,,
1283,2,12/13/22,TJ/Max,95,63:39:00,LMB,414,4044,4044,,1,,,
1284,2,12/13/22,TJ/Max,,,LMB,412,4045,4045,,1,,,
1285,2,12/13/22,TJ/Max,,,LMB,486,1913,1912,1913,2,,,
1286,2,12/13/22,TJ/Max,96,63:20:00,LMB,474,4048,4048,,1,,,
1287,2,12/13/22,TJ/Max,,,LMB,432,1916,1916,,1,,,
1288,2,12/13/22,TJ/Max,,,LMB,400,519,519,518,2,,,
1289,2,12/13/22,TJ/Max,,,LMB,521,516,516,,1,,,
1290,2,12/13/22,TJ/Max,97,58:14:00,LMB,405,510,510,,1,,,
1291,2,12/13/22,TJ/Max,,,LMB,471,508,508,507,2,,,
1292,2,12/13/22,TJ/Max,,,LMB,510,1931,1931,,1,,,
1293,2,12/13/22,TJ/Max,90,56:54:00,LMB,436,4451,4451,,1,,,
1294,2,12/13/22,TJ/Max,,,LMB,461,1937,1936,1937,2,,,
1295,2,12/13/22,TJ/Max,,,LMB,405,1938,1938,,1,,,
1296,2,12/13/22,TJ/Max,91,53:54:00,LMB,479,1944,1944,,1,,,
1297,2,12/13/22,TJ/Max,,,LMB,436,1946,1945,1946,2,,,
1298,2,12/13/22,TJ/Max,,,LMB,430,1950,1950,,1,,,
1299,2,12/13/22,TJ/Max,85,61:00:00,LMB,433,5096,5096,,1,,,
1300,2,12/13/22,TJ/Max,,,LMB,493,4469,4468,4469,2,,,
1301,2,12/13/22,TJ/Max,,,LMB,447,4470,4470,,1,,,
1302,2,12/13/22,TJ/Max,,,LMB,467,4471,4471,,1,,,
1303,2,12/13/22,TJ/Max,,,LMB,465,5092,5092,5091,2,,,
1304,2,12/12/22,MarcusMax,73,59:10:00,ALB,473,4000,4000,,1,,,
1305,2,12/12/22,MarcusMax,73,59:10:00,ALB,305,1613,1613,,1,,,
1306,2,12/12/22,MarcusMax,73,59:10:00,ALB,409,1614,1614,,1,,,
1307,2,12/12/22,MarcusMax,73,59:10:00,ALB,395,1617,1616,1617,2,,,
1308,2,12/12/22,MarcusMax,73,59:10:00,ALB,308,4005,4005,,1,,,
1309,2,12/12/22,MarcusMax,74,49:03:00,ALB,304,1620,1620,,1,,,
1310,2,12/12/22,MarcusMax,74,49:03:00,ALB,340,1624,1623,1624,2,,,
1311,2,12/12/22,MarcusMax,74,49:03:00,ALB,477,2424,2424,,1,150.222,L-84,150.222L-84
1312,2,12/12/22,MarcusMax,74,49:03:00,ALB,332,4009,4009,,1,,,
1313,2,12/12/22,MarcusMax,74,49:03:00,ALB,340,1626,1625,1626,2,,,
1314,2,12/12/22,MarcusMax,74,49:03:00,ALB,437,1627,1627,,1,150.222,J-37,150.222J-37
1315,2,12/12/22,MarcusMax,74,49:03:00,ALB,330,1628,1628,,1,,,
1316,2,12/12/22,MarcusMax,74,49:03:00,ALB,418,1631,1630,1631,2,,,
1317,2,12/12/22,MarcusMax,74,49:03:00,ALB,473,4013,4013,,1,,,
1318,2,12/12/22,MarcusMax,74,49:03:00,ALB,389,4014,4014,,1,150.132,L-88,150.132L-88
1319,2,12/12/22,MarcusMax,74,49:03:00,ALB,336,1633,1632,1633,2,,,
1320,2,12/12/22,MarcusMax,74,49:03:00,ALB,385,2423,2423,,1,,,
1321,2,12/12/22,MarcusMax,75,57:54:00,ALB,373,1634,1634,,1,,,
1322,2,12/12/22,MarcusMax,75,57:54:00,ALB,350,1635,1635,,1,,,
1323,2,12/12/22,MarcusMax,75,57:54:00,ALB,334,1637,1636,1637,2,,,
1324,2,12/12/22,TJ/Max,75,57:54:00,ALB,310,4019,4019,,1,,,
1325,2,12/12/22,TJ/Max,75,57:54:00,ALB,344,4020,4020,4018,2,,,
1326,2,12/12/22,TJ/Max,75,57:54:00,ALB,338,2422,2422,,1,,,
1327,2,12/12/22,TJ/Max,75,57:54:00,ALB,486,4021,4021,,1,,,
1328,2,12/12/22,TJ/Max,75,57:54:00,ALB,361,4023,4022,4023,2,150.222,I-09,150.222I-09
1329,2,12/12/22,TJ/Max,75,57:54:00,ALB,428,4024,4024,,1,150.333,L-87,150.333L-87
1330,2,12/12/22,TJ/Max,75,57:54:00,ALB,375,4025,4025,,1,,,
1331,2,12/12/22,TJ/Max,75,57:54:00,ALB,346,1640,1639,1640,2,,,
1332,2,12/12/22,TJ/Max,119,48:19:00,ALB,346,2421,2421,,1,,,
1333,2,12/12/22,TJ/Max,119,48:19:00,ALB,487,4029,4029,,1,,,
1334,2,12/12/22,TJ/Max,119,48:19:00,ALB,445,1643,1642,1643,2,,,
1335,2,12/12/22,TJ/Max,119,48:19:00,ALB,508,1644,1644,,1,150.132,L-93,150.132L-93
1336,2,12/12/22,TJ/Max,119,48:19:00,ALB,412,4030,4030,,1,,,
1337,2,12/12/22,TJ/Max,88,70:53:00,ALB,304,4032,4031,4032,2,,,
1338,2,12/12/22,TJ/Max,88,70:53:00,ALB,430,4036,4036,,1,,,
1339,2,12/12/22,TJ/Max,88,70:53:00,ALB,378,1650,1650,,1,,,
1340,2,12/12/22,TJ/Max,88,70:53:00,ALB,355,1647,1646,1647,2,,,
1341,2,12/12/22,TJ/Max,88,70:53:00,ALB,345,1648,1648,,1,,,
1342,2,12/12/22,TJ/Max,88,70:53:00,ALB,320,4037,4037,,1,,,
1343,2,12/12/22,TJ/Max,88,70:53:00,ALB,423,4039,4038,4039,2,,,
1344,2,12/12/22,TJ/Max,88,70:53:00,ALB,359,2419,2419,,1,,,
1345,2,12/12/22,TJ/Max,88,70:53:00,ALB,310,1903,1903,,1,,,
1346,2,12/12/22,TJ/Max,88,70:53:00,ALB,327,1905,1904,1905,2,,,
1347,2,12/12/22,TJ/Max,88,70:53:00,ALB,434,4040,4040,,1,,,
1348,2,12/12/22,TJ/Max,88,70:53:00,ALB,452,4041,4041,,1,,,
1349,2,12/12/22,TJ/Max,88,70:53:00,ALB,321,4043,4042,4043,2,,,
1350,2,12/12/22,TJ/Max,88,70:53:00,ALB,340,2420,2420,,1,,,
1351,2,12/12/22,TJ/Max,88,70:53:00,ALB,394,1906,1906,,1,,,
1352,2,12/12/22,TJ/Max,88,70:53:00,ALB,380,1908,1907,1908,2,,,
1353,2,12/12/22,TJ/Max,88,70:53:00,ALB,327,1909,1909,,1,,,
1354,2,12/12/22,TJ/Max,88,70:53:00,ALB,328,1910,1910,,1,,,
1355,2,12/13/22,TJ/Max,95,63:34:00,ALB,413,4047,4046,4047,2,150.132,L-86,150.132L-86
1356,2,12/13/22,TJ/Max,95,63:34:00,ALB,396,1911,1911,,1,,,
1357,2,12/13/22,TJ/Max,95,63:34:00,ALB,344,4049,4049,,1,,,
1358,2,12/13/22,TJ/Max,96,63:20:00,ALB,435,523,523,522,2,,,
1359,2,12/13/22,TJ/Max,96,63:20:00,ALB,408,521,521,,1,,,
1360,2,12/13/22,TJ/Max,96,63:20:00,ALB,408,520,520,,1,,,
1361,2,12/13/22,TJ/Max,96,63:20:00,ALB,455,1915,1914,1915,2,,,
1362,2,12/13/22,TJ/Max,96,63:20:00,ALB,390,2418,2418,,1,,,
1363,2,12/13/22,TJ/Max,96,63:20:00,ALB,492,517,517,,1,,,
1364,2,12/13/22,TJ/Max,96,63:20:00,ALB,314,1918,1917,1918,2,,,
1365,2,12/13/22,TJ/Max,96,63:20:00,ALB,440,1919,1919,,1,,,
1366,2,12/13/22,TJ/Max,96,63:20:00,ALB,336,1920,1920,,1,,,
1367,2,12/13/22,TJ/Max,96,63:20:00,ALB,331,1923,1921,1923,2,,,
1368,2,12/13/22,TJ/Max,96,63:20:00,ALB,468,515,515,,1,150.132,L-89,150.132L-89
1369,2,12/13/22,TJ/Max,96,63:20:00,ALB,305,514,514,,1,,,
1370,2,12/13/22,TJ/Max,97,58:14:00,ALB,435,513,513,512,2,,,
1371,2,12/13/22,TJ/Max,97,58:14:00,ALB,309,511,511,,1,,,
1372,2,12/13/22,TJ/Max,97,58:14:00,ALB,377,509,509,,1,,,
1373,2,12/13/22,TJ/Max,97,58:14:00,ALB,449,1925,1925,1924,2,150.132,L-91,150.132L-91
1374,2,12/13/22,TJ/Max,97,58:14:00,ALB,314,1922,1922,,1,,,
1375,2,12/13/22,TJ/Max,97,58:14:00,ALB,344,1926,1926,,1,,,
1376,2,12/13/22,TJ/Max,97,58:14:00,ALB,422,1928,1927,1928,2,,,
1377,2,12/13/22,TJ/Max,97,58:14:00,ALB,461,1929,1929,,1,,,
1378,2,12/13/22,TJ/Max,97,58:14:00,ALB,387,2401,2401,,1,,,
1379,2,12/13/22,TJ/Max,97,58:14:00,ALB,307,506,506,505,2,,,
1380,2,12/13/22,TJ/Max,97,58:14:00,ALB,387,504,504,,1,,,
1381,2,12/13/22,TJ/Max,97,58:14:00,ALB,468,1930,1930,,1,,,
1382,2,12/13/22,TJ/Max,97,58:14:00,ALB,334,1933,1932,1933,2,,,
1383,2,12/13/22,TJ/Max,97,58:14:00,ALB,335,501,501,,1,,,
1384,2,12/13/22,TJ/Max,97,58:14:00,ALB,323,502,502,,1,,,
1385,2,12/13/22,TJ/Max,97,58:14:00,ALB,417,1935,1935,1934,2,,,
1386,2,12/13/22,TJ/Max,97,58:14:00,ALB,350,503,503,,1,,,
1387,2,12/12/22,MarcusNatalie,26,48:54:00,LMB,441,1581,1581,1568,2,,,
1388,2,12/12/22,MarcusNatalie,27,58:01:00,LMB,524,2451,2451,,1,,,
1389,2,12/12/22,MarcusNatalie,203,32:33:00,LMB,487,2452,2452,,1,,,
1390,2,12/12/22,MarcusNatalie,203,32:33:00,LMB,482,4126,4126,4125,2,,,
1391,2,12/12/22,MarcusNatalie,203,32:33:00,LMB,430,1557,1557,,1,,,
1392,2,12/12/22,MarcusNatalie,203,32:33:00,LMB,402,4123,4123,,1,,,
1393,2,12/12/22,MarcusNatalie,203,32:33:00,LMB,544,1558,1556,1558,2,,,
1394,2,12/12/22,MarcusNatalie,203,32:33:00,LMB,472,2453,2453,,1,150.132,L-92,150.132L-92
1395,2,12/12/22,MarcusNatalie,203,32:33:00,LMB,369,4117,4117,,1,150.333,L-93,150.333L-93
1396,2,12/12/22,MarcusNatalie,203,32:33:00,LMB,428,4124,4124,1422,2,,,
1397,2,12/12/22,MarcusNatalie,203,32:33:00,LMB,419,1559,1559,,1,,,
1398,2,12/12/22,MarcusNatalie,203,32:33:00,LMB,361,4121,4121,,1,,,
1399,2,12/12/22,MarcusNatalie,203,32:33:00,LMB,352,4120,4120,4119,2,,,
1400,2,12/12/22,MarcusNatalie,203,32:33:00,LMB,389,4116,4116,,1,150.222,I-11,150.222I-11
1401,2,12/12/22,MarcusNatalie,203,32:33:00,LMB,455,4118,4118,,1,,,
1402,2,12/12/22,MarcusNatalie,31,63,LMB,482,4101,4101,4100,2,,,
1403,2,12/12/22,MarcusNatalie,31,63,LMB,545,1580,1580,,1,,,
1404,2,12/12/22,MarcusNatalie,31,63,LMB,414,1579,1579,,1,,,
1405,2,12/12/22,MarcusNatalie,31,63,LMB,431,1578,1578,,1,,,
1406,2,12/12/22,MarcusNatalie,31,63,LMB,441,1576,1576,,1,,,
1407,2,12/12/22,MarcusNatalie,31,63,LMB,515,1574,1574,1573,2,,,
1408,2,12/12/22,MarcusNatalie,31,63,LMB,520,2454,2454,,1,,,
1409,2,12/12/22,MarcusNatalie,31,63,LMB,450,1572,1572,,1,,,
1410,2,12/13/22,MarcustNatalie,102,18,LMB,522,4152,4152,,1,,,
1411,2,12/13/22,MarcusNatalie,31,63,ALB,380,2457,2457,,1,,,
1412,2,12/13/22,MarcusNatalie,31,63,ALB,312,1570,1570,1569,2,,,
1413,2,12/13/22,MarcusNatalie,31,63,ALB,303,1567,1567,,1,,,
1414,2,12/13/22,MarcusNatalie,31,63,ALB,378,4238,4238,,1,,,
1415,2,12/13/22,MarcusNatalie,31,63,ALB,317,4237,4237,4236,2,,,
1416,2,12/13/22,MarcusNatalie,31,63,ALB,306,4235,4235,,1,,,
1417,2,12/13/22,MarcusNatalie,31,63,ALB,305,2458,2458,,1,,,
1418,2,12/13/22,MarcusNatalie,31,63,ALB,320,4234,4234,4233,2,,,
1419,2,12/13/22,MarcusNatalie,31,63,ALB,440,1563,1563,,1,,,
1420,2,12/13/22,MarcusNatalie,31,63,ALB,414,4232,4232,,1,,,
1421,2,12/13/22,MarcusNatalie,102,18,ALB,454,1561,1560,1561,2,,,
1422,2,12/13/22,MarcusNatalie,31,63,ALB,309,4231,4231,,1,,,
1423,2,12/13/22,MarcusNatalie,102,18,ALB,473,1565,1565,,1,,,
1424,2,12/13/22,MarcusNatalie,102,18,ALB,406,1564,1562,1564,2,,,
1425,2,12/13/22,MarcusNatalie,102,18,ALB,442,4150,4150,,1,,,
1426,2,12/13/22,MarcusNatalie,102,18,ALB,490,4151,4151,,1,,,
1427,2,12/13/22,MarcusNatalie,27,58:01:00,ALB,514,1555,1555,,1,150.222,L-90,150.222L-90
1428,2,12/13/22,MarcusNatalie,27,58:01:00,ALB,484,4130,4130,,1,,,
1429,2,12/13/22,MarcusNatalie,27,58:01:00,ALB,316,4129,4129,,1,,,
1430,2,12/13/22,MarcusNatalie,27,58:01:00,ALB,360,4128,4127,4128,2,,,
1431,2,12/13/22,MarcusNatalie,27,58:01:00,ALB,363,1551,1551,,1,,,
1432,2,12/13/22,MarcusNatalie,27,58:01:00,ALB,333,1552,1552,,1,,,
1433,2,12/12/22,MarcusNatalie,201,10ish,ALB,448,4115,4115,4114,2,,,
1434,2,12/12/22,MarcusNatalie,201,10ish,ALB,313,4113,4113,,1,,,
1435,2,12/12/22,MarcusNatalie,201,10ish,ALB,304,4112,4112,,1,,,
1436,2,12/13/22,MarcusNatalie,31,63,ALB,449,4111,4111,,1,,,
1437,2,12/13/22,MarcusNatalie,31,63,ALB,410,4110,4110,,1,,,
1438,2,12/13/22,MarcusNatalie,31,63,ALB,425,4109,4109,4108,2,,,
1439,2,12/13/22,MarcusNatalie,31,63,ALB,404,4107,4107,,1,,,
1440,2,12/13/22,MarcusNatalie,31,63,ALB,336,4106,4106,,1,,,
1441,2,12/13/22,MarcusNatalie,31,63,ALB,422,4105,4105,,1,,,
1442,2,12/13/22,MarcusNatalie,31,63,ALB,374,4104,4104,,1,,,
1443,2,12/13/22,MarcusNatalie,31,63,ALB,336,4103,4103,4102,2,,,
1444,2,12/13/22,MarcusNatalie,31,63,ALB,458,1577,1577,,1,,,
1445,2,12/13/22,MarcusNatalie,31,63,ALB,361,4249,4249,4248,2,,,
1446,2,12/13/22,MarcusNatalie,31,63,ALB,380,4247,4247,,1,,,
1447,2,12/13/22,MarcusNatalie,31,63,ALB,453,4246,4246,,1,,,
1448,2,12/13/22,MarcusNatalie,31,63,ALB,414,4245,4245,4244,2,,,
1449,2,12/13/22,MarcusNatalie,31,63,ALB,439,2455,2455,,1,,,
1450,2,12/13/22,MarcusNatalie,31,63,ALB,333,4243,4243,4242,2,,,
1451,2,12/13/22,MarcusNatalie,31,63,ALB,422,4241,4241,,1,,,
1452,2,12/13/22,MarcusNatalie,31,63,ALB,473,2456,2456,,1,,,
1453,2,12/13/22,MarcusNatalie,31,63,ALB,414,4240,4240,4239,2,,,
1454,2,12/12/22,MarcusNatalie,26,48:54:00,ALB,396,4132,4132,,1,,,
1455,2,12/12/22,MarcusNatalie,27,58:01:00,ALB,415,1533,1533,,1,150.132,I-20,150.132I-20
1456,2,1/2/23,NATMAX,88,29:24:00,LMB,352,2416,2416,,1,150.333,I-21,150.333I-21
1457,2,1/2/23,NATMAX,88,29:24:00,LMB,378,2415,2415,,1,150.132,I-22,150.132I-22
1458,2,1/2/23,NATMAX,91,43,LMB,389,2414,2414,,1,150.132,I-23,150.132I-23
1459,2,1/2/23,NATMAX,91,43,LMB,372,5086,5086,,1,150.333,I-24,150.333I-24
1460,2,1/2/23,NATMAX,91,43,LMB,366,4475,4475,,1,150.222,L-99,150.222L-99
1461,2,1/2/23,NATMAX,31,32:26:00,LMB,516,4497,4497,,1,150.132,L-98,150.132L-98
1462,2,1/2/23,NATMAX,31,32:26:00,LMB,464,2412,2412,,1,150.333,I-2,150.333I-2
1463,2,1/2/23,NATMAX,31,32:26:00,LMB,415,5084,5084,,1,150.222,I-4,150.222I-4
1464,2,1/3/23,NATMAX,21,39:06:00,LMB,385,4476,4476,,1,,,
1465,2,1/3/23,NATMAX,21,39:06:00,LMB,491,2404,2404,,1,150.333,I-1,150.333I-1
1466,2,1/3/23,NATMAX,21,39:06:00,LMB,380,5050,5050,,1,,,
1467,2,1/3/23,NATMAX,21,39:06:00,LMB,415,5051,5051,,1,,,
1468,2,1/3/23,NATMAX,21,39:06:00,LMB,520,5068,5068,,1,,,
1469,2,1/3/23,NATMAX,21,39:06:00,LMB,475,5082,5082,,1,,,
1470,2,1/3/23,NATMAX,21,39:06:00,LMB,490,2405,2405,,1,,,
1471,2,1/3/23,NATMAX,21,39:06:00,LMB,432,5081,5081,,1,,,
1472,2,1/3/23,NATMAX,21,39:06:00,LMB,476,5080,5080,,1,,,
1473,2,1/3/23,NATMAX,21,39:06:00,LMB,439,4498,4498,,1,150.333,I-4,150.333I-4
1474,2,1/3/23,NATMAX,21,39:06:00,LMB,520,5052,5052,,1,,,
1475,2,1/3/23,NATMAX,21,39:06:00,LMB,505,2408,2408,,1,,,
1476,2,1/3/23,NATMAX,21,39:06:00,LMB,524,2409,2409,,1,,,
1477,2,1/4/23,NATMAX,6,47,LMB,499,2411,2411,,1,150.132,I-0,150.132I-0
1478,2,1/4/23,NATMAX,59,58:03:00,LMB,479,2410,2410,,1,105.333,L-98,105.333L-98
1479,2,1/4/23,NATMAX,59,58:03:00,LMB,474,4350,4350,,1,150.132,L-96,150.132L-96
1480,2,1/6/23,MaxParker,88,57:14:00,ALB,415,5061,5061,,1,150.222,I-5,150.222I-5
1481,2,1/6/23,MaxParker,88,57:14:00,ALB,417,5062,5062,,1,150.132,I-1,150.132I-1
1482,2,1/6/23,MaxParker,88,57:14:00,ALB,350,5064,5064,5063,2,,,
1483,2,1/6/23,MaxParker,91,49:16:00,ALB,365,4483,4483,,1,,,
1484,2,1/6/23,MaxParker,91,49:16:00,ALB,425,4484,4484,,1,,,
1485,2,1/6/23,MaxParker,91,49:16:00,ALB,355,4485,4485,,1,,,
1486,2,1/6/23,MaxParker,91,49:16:00,ALB,366,4487,4486,4487,2,150.132,I-24,150.132I-24
1487,2,1/6/23,MaxParker,91,49:16:00,ALB,390,5075,5075,,1,150.333,I-22,150.333I-22
1488,2,1/6/23,MaxParker,95,38:56:00,ALB,442,5074,5074,,1,,,
1489,2,1/6/23,MaxParker,95,38:56:00,ALB,434,5073,5072,5073,2,150.33,I-23,150.33I-23
1490,2,1/6/23,MaxParker,95,38:56:00,ALB,449,4488,4488,,1,,,
1491,2,1/6/23,MaxParker,95,38:56:00,ALB,352,4351,4351,,1,,,
1492,2,1/6/23,MaxParker,95,38:56:00,ALB,351,4253,4253,,1,,,
1493,2,1/6/23,MaxParker,95,38:56:00,ALB,352,4354,4352,4354,2,,,
1494,2,1/6/23,MaxParker,97,19:17,ALB,350,5071,5071,,1,,,
1495,2,1/6/23,MaxParker,97,19:17,ALB,360,4356,4355,4356,2,150.333,I-26,150.333I-26
1496,2,1/6/23,MaxParker,97,19:17,ALB,350,4357,4357,,1,,,
1497,2,1/6/23,MaxParker,97,19:17,ALB,384,4358,4358,,1,150.132,I-5,150.132I-5
1498,2,1/6/23,MaxParker,101,16:47,ALB,358,4359,4359,,1,150.222,I-3,150.222I-3
1499,2,1/2/23,NATMAX,88,57:14:00,ALB,490,2417,2417,,1,150.222,I-26,150.222I-26
1500,2,1/2/23,NATMAX,88,57:14:00,ALB,405,2413,2413,,1,150.222,I-0,150.222I-0
1501,2,1/2/23,NATMAX,88,57:14:00,ALB,350,2406,2406,,1,150.132,I-26,150.132I-26
1502,2,1/2/23,NATMAX,97,19:17,ALB,378,5088,5088,,1,,,
1503,2,1/2/23,NATMAX,91,43:00:00,ALB,418,4473,4473,,1,150.222,I-2,150.222I-2
1504,2,1/2/23,NATMAX,91,43:00:00,ALB,410,5087,5087,,1,150.333,L-99,150.333L-99
1505,2,1/2/23,NATMAX,91,43:00:00,ALB,400,4474,4474,,1,150.132,I-6,150.132I-6
1506,2,1/2/23,NATMAX,31,32:26:00,ALB,390,2407,2407,,1,150.222,L-97,150.222L-97
1507,2,1/2/23,NATMAX,31,32:26:00,ALB,360,4477,4477,,1,,,
1508,2,1/2/23,NATMAX,31,32:26:00,ALB,419,4499,4499,,1,,,
1509,2,1/2/23,NATMAX,14,38:22:00,ALB,459,4478,4478,,1,,,
1510,2,1/2/23,NATMAX,14,38:22:00,ALB,438,5054,5054,,1,150.132,L-99,150.132L-99
1511,2,1/2/23,NATMAX,14,38:22:00,ALB,404,5055,5055,,1,,,
1512,2,1/4/23,NATMAX,12,58,ALB,354,5069,5069,,1,150.333,I-3,150.333I-3
1513,2,1/4/23,NATMAX,6,47:00:00,ALB,460,4496,4496,,1,,,
1514,2,1/4/23,NATMAX,6,47:00:00,ALB,442,4495,4495,,1,,,
1515,2,1/4/23,NATMAX,6,47:00:00,ALB,376,4494,4494,413,2,150.333,L-96,150.333L-96
1516,2,1/4/23,NATMAX,6,47:00:00,ALB,396,5053,5053,,1,,,
1517,2,1/4/23,NATMAX,6,47:00:00,ALB,402,5056,5056,,1,,,
1518,2,1/4/23,NATMAX,6,47:00:00,ALB,395,5058,5057,5058,2,150.222,L-95,150.222L-95
1519,2,1/4/23,NATMAX,6,47:00:00,ALB,364,4492,4492,,1,,,
1520,2,1/5/23,NATMAX,101,56:57:00,ALB,370,4479,4479,,1,,,
1521,2,1/5/23,NATMAX,101,56:57:00,ALB,352,4481,4480,4481,2,,,
1522,2,1/5/23,NATMAX,101,56:57:00,ALB,404,5079,5079,,1,,,
1523,2,1/5/23,NATMAX,101,56:57:00,ALB,365,5078,5078,,1,,,
1524,2,1/5/23,NATMAX,101,56:57:00,ALB,374,5077,5077,5076,2,150.333,L-97,150.333L-97
1525,2,1/5/23,NATMAX,101,56:57:00,ALB,351,4482,4482,,1,,,
1526,2,1/5/23,NATMAX,98,38:02:00,ALB,419,4491,4491,,1,,,
1527,2,1/5/23,NATMAX,98,38:02:00,ALB,356,4490,4490,4489,2,,,
1528,2,1/5/23,NATMAX,98,38:02:00,ALB,364,5059,5059,,1,,,
1529,2,1/6/23,TJMARCUS,197,72:12:00,ALB,481,4298,4298,,1,,,
1530,2,1/6/23,TJMARCUS,197,72:12:00,ALB,490,4299,4299,4297,2,150.222,I-23,150.222I-23
1531,2,1/6/23,TJMARCUS,197,72:12:00,ALB,366,1751,1751,,1,,,
1532,2,1/6/23,TJMARCUS,197,72:12:00,ALB,364,4296,4296,,1,150.333,I-0,150.333I-0
1533,2,1/6/23,TJMARCUS,199,35:41:00,ALB,466,1753,1752,1753,2,,,
1534,2,1/6/23,TJMARCUS,199,35:41:00,ALB,460,4295,4295,,1,,,
1535,2,1/6/23,TJMARCUS,199,35:41:00,ALB,452,1754,1754,,1,150.222,L-98,150.222L-98
1536,2,1/6/23,TJMARCUS,70,68:08:00,ALB,432,4294,4293,4294,2,150.222,I-21,150.222I-21
1537,2,1/6/23,TJMARCUS,70,68:08:00,ALB,392,4292,4292,,1,,,
1538,2,1/6/23,TJMARCUS,122,45:50:00,ALB,450,4291,4291,,1,,,
1539,2,1/6/23,TJMARCUS,122,45:50:00,ALB,429,4290,4290,4289,2,,,
1540,2,1/6/23,TJMARCUS,122,45:50:00,ALB,410,4288,4288,,1,,,
1541,2,1/6/23,TJMARCUS,122,45:50:00,ALB,400,4287,4287,,1,150.132,I-21,150.132I-21
1542,2,1/6/23,TJMARCUS,123,73:15:00,ALB,458,1756,1755,1756,2,150.132,I-3,150.132I-3
1543,2,1/6/23,TJMARCUS,123,73:15:00,ALB,415,1758,1758,,1,150.333,I-6,150.333I-6
1544,2,1/6/23,TJMARCUS,123,73:15:00,ALB,425,1757,1757,,1,150.222,I-22,150.222I-22
1545,2,1/6/23,TJMARCUS,123,73:15:00,ALB,396,1760,1759,1760,2,,,
1546,2,1/6/23,TJMARCUS,123,73:15:00,ALB,338,1761,1761,,1,,,
1547,2,1/6/23,TJMARCUS,123,73:15:00,ALB,347,1762,1762,,1,,,
1548,2,1/3/23,TJMARCUS,10,51:18:00,ALB,407,4169,4169,,1,,,
1549,2,1/3/23,TJMARCUS,10,51:18:00,ALB,363,4170,4170,,1,,,
1550,2,1/3/23,TJMARCUS,10,51:18:00,ALB,506,4172,4171,4172,2,,,
1551,2,1/3/23,TJMARCUS,10,51:18:00,ALB,387,1786,1786,,1,150.222,L-96,150.222L-96
1552,2,1/3/23,TJMARCUS,10,51:18:00,ALB,413,2150,2150,,1,,,
1553,2,1/3/23,TJMARCUS,11,51:55:00,ALB,393,4174,4173,4174,2,,,
1554,2,1/4/23,TJMARCUS,122,70:53:00,ALB,452,1775,1775,,1,,,
1555,2,1/4/23,TJMARCUS,122,70:53:00,ALB,355,4182,4182,,1,,,
1556,2,1/4/23,TJMARCUS,122,70:53:00,ALB,406,4184,4184,4183,2,150.222,I-24,150.222I-24
1557,2,1/4/23,TJMARCUS,122,70:53:00,ALB,430,2143,2143,,1,150.333,I-5,150.333I-5
1558,2,1/4/23,TJMARCUS,122,70:53:00,ALB,432,4185,4185,,1,,,
1559,2,1/4/23,TJMARCUS,122,70:53:00,ALB,363,1774,1774,1773,2,,,
1560,2,1/4/23,TJMARCUS,122,70:53:00,ALB,420,4186,4186,,1,150.222,I-1,150.222I-1
1561,2,1/4/23,TJMARCUS,122,70:53:00,ALB,385,1772,1772,,1,,,
1562,2,1/4/23,TJMARCUS,122,70:53:00,ALB,357,4188,4187,4188,2,,,
1563,2,1/4/23,TJMARCUS,122,70:53:00,ALB,423,2144,2144,,1,,,
1564,2,1/4/23,TJMARCUS,122,70:53:00,ALB,351,4189,4189,,1,,,
1565,2,1/5/23,TJMARCUS,135,47:04:00,ALB,408,4191,4190,4191,2,,,
1566,2,1/5/23,TJMARCUS,139,35:08:00,ALB,426,1771,1771,,1,,,
1567,2,1/5/23,TJMARCUS,137,33:40:00,ALB,455,2142,2142,,1,150.222,I-6,150.222I-6
1568,2,1/5/23,TJMARCUS,136,55:13:00,ALB,352,1766,1766,1765,2,,,
1569,2,1/5/23,TJMARCUS,136,55:13:00,ALB,402,4192,4192,,1,,,
1570,2,1/5/23,TJMARCUS,136,55:13:00,ALB,422,4193,4193,,1,,,
1571,2,1/5/23,TJMARCUS,136,55:13:00,ALB,465,4195,4195,4194,2,150.132,I-4,150.132I-4
1572,2,1/5/23,TJMARCUS,74,43:10:00,ALB,451,2094,2094,,1,,,
1573,2,1/5/23,TJMARCUS,74,43:10:00,ALB,368,4196,4196,,1,,,
1574,2,1/5/23,TJMARCUS,74,43:10:00,ALB,370,4198,4197,4198,2,,,
1575,2,1/5/23,TJMARCUS,74,43:10:00,ALB,369,1770,1770,,1,,,
1576,2,1/5/23,TJMARCUS,74,43:10:00,ALB,396,1769,1769,,1,,,
1577,2,1/5/23,TJMARCUS,74,43:10:00,ALB,435,1768,1768,1767,2,,,
1578,2,1/5/23,TJMARCUS,74,43:10:00,ALB,388,4199,4199,,1,150.132,L-97,150.132L-97
1579,2,1/3/23,TJMARCUS,10,51:18:00,LMB,445,1783,1783,,1,150.132,I-2,150.132I-2
1580,2,1/4/23,TJMARCUS,158,61:11:00,LMB,490,2149,2149,,1,,,
1581,2,1/4/23,TJMARCUS,158,61:11:00,LMB,434,4176,4176,4175,2,,,
1582,2,1/4/23,TJMARCUS,65,43:13:00,LMB,465,4177,4177,,1,,,
1583,2,1/4/23,TJMARCUS,65,43:13:00,LMB,500,1785,1785,,1,,,
1584,2,1/4/23,TJMARCUS,66,42:11:00,LMB,449,1784,1784,1782,2,150.333,L-95,150.333L-95
1585,2,1/4/23,TJMARCUS,66,42:11:00,LMB,525,1781,1781,,1,,,
1586,2,1/4/23,TJMARCUS,66,42:11:00,LMB,482,2148,2148,,1,,,
1587,2,1/4/23,TJMARCUS,66,42:11:00,LMB,484,1780,1780,1779,2,,,
1588,2,1/4/23,TJMARCUS,67,58:14:00,LMB,396,1778,1778,,1,,,
1589,2,1/4/23,TJMARCUS,67,58:14:00,LMB,514,2147,2147,,1,,,
1590,2,1/4/23,TJMARCUS,68,55:02:00,LMB,483,1777,1776,1777,2,,,
1591,2,1/4/23,TJMARCUS,68,55:02:00,LMB,504,2095,2095,,1,,,
1592,2,1/4/23,TJMARCUS,68,55:02:00,LMB,554,2096,2096,,1,,,
1593,2,1/4/23,TJMARCUS,68,55:02:00,LMB,490,4179,4178,4179,2,,,
1594,2,1/4/23,TJMARCUS,68,55:02:00,LMB,495,2146,2146,,1,,,
1595,2,1/4/23,TJMARCUS,68,55:02:00,LMB,489,2145,2145,,1,,,
1596,2,1/4/23,TJMARCUS,68,55:02:00,LMB,541,4181,4180,4181,2,,,
1597,3,5/4/23,TJ/Max,,152,LMB,512,4261,4261,,1,,,
1598,3,5/4/23,TJ/Max,,152,LMB,372,1536,1536,,1,,,
1599,3,5/4/23,TJ/Max,,152,LMB,434,4260,4260,,1,,,
1600,3,5/4/23,TJ/Max,,152,LMB,510,4259,4259,,1,,,
1601,3,5/4/23,TJ/Max,,152,LMB,325,1535,1535,,1,,,
1602,3,5/4/23,TJ/Max,,152,LMB,408,4258,4258,,1,,,
1603,3,5/4/23,TJ/Max,,152,LMB,316,1534,1534,,1,,,
1604,3,5/4/23,TJ/Max,,152,LMB,301,1533,1533,,1,,,
1605,3,5/4/23,TJ/Max,,152,LMB,335,4255,4255,,1,,,
1606,3,5/4/23,TJ/Max,,64,LMB,345,2206,2206,,1,,,
1607,3,5/4/23,TJ/Max,,64,LMB,435,4254,4254,,1,,,
1608,3,5/4/23,TJ/Max,,64,LMB,323,4253,4253,,1,,,
1609,3,5/4/23,TJ/Max,,64,LMB,369,1532,1532,,1,,,
1610,3,5/4/23,TJ/Max,,56,LMB,318,4251,4251,,1,,,
1611,3,5/4/23,TJ/Max,,56,LMB,351,4252,4252,,1,,,
1612,3,5/4/23,TJ/Max,,52,LMB,320,1530,1530,,1,,,
1613,3,5/4/23,TJ/Max,,52,LMB,348,4300,4300,,1,,,
1614,3,5/4/23,TJ/Max,,49,LMB,348,4250,4250,,1,,,
1615,3,5/4/23,TJ/Max,,91,LMB,466,2207,2207,,1,,,
1616,3,5/4/23,TJ/Max,,91,LMB,529,1525,1525,,1,,,
1617,3,5/4/23,TJ/Max,,91,LMB,435,1524,1524,,1,,,
1618,3,5/4/23,TJ/Max,,91,LMB,360,4315,4315,,1,,,
1619,3,5/4/23,N/S,,3,LMB,395,2141,2141,,1,,,
1620,3,5/4/23,N/S,,25,LMB,443,4228,4228,,1,,,
1621,3,5/4/23,N/S,,25,LMB,425,4230,4230,,1,,,
1622,3,5/4/23,N/S,,210,LMB,303,5147,5147,,1,,,
1623,3,5/4/23,N/S,,210,LMB,525,5149,5149,,1,,,
1624,3,5/4/23,N/S,,210,LMB,540,4226,4226,,1,,,
1625,3,5/4/23,N/S,,210,LMB,478,5148,5148,,1,,,
1626,3,5/4/23,N/S,,210,LMB,418,4227,4227,,1,,,
1627,3,5/4/23,N/S,,210,LMB,382,4229,4229,,1,,,
1628,3,5/4/23,N/S,,210,LMB,444,1566,1566,,1,,,
1629,3,5/4/23,N/S,,210,LMB,424,4362,4362,,1,,,
1630,3,5/4/23,N/S,,206,LMB,496,2140,2140,,1,,,
1631,3,5/4/23,N/S,,206,LMB,403,5146,5146,,1,,,
1632,3,5/4/23,N/S,,206,LMB,341,4365,4365,,1,,,
1633,3,5/4/23,N/S,,206,LMB,337,4360,4360,,1,,,
1634,3,5/4/23,N/S,,206,LMB,360,5145,5145,,1,,,
1635,3,5/4/23,N/S,,206,LMB,310,4363,4363,,1,,,
1636,3,5/4/23,N/S,,206,LMB,354,5144,5144,,1,,,
1637,3,5/4/23,N/S,,198,LMB,474,4370,4370,,1,,,
1638,3,5/4/23,N/S,,198,LMB,354,4371,4371,,1,,,
1639,3,5/4/23,N/S,,198,LMB,330,4366,4366,,1,,,
1640,3,5/4/23,N/S,,198,LMB,440,4221,4221,,1,,,
1641,3,5/4/23,TJ/Max,,98,LMB,440,2204,2204,,1,,,
1642,3,5/4/23,TJ/Max,,98,LMB,413,4275,4275,,1,,,
1643,3,5/4/23,TJ/Max,,98,LMB,394,1359,1359,,1,,,
1644,3,5/4/23,TJ/Max,,98,LMB,351,4280,4280,,1,,,
1645,3,5/4/23,TJ/Max,,104,LMB,403,4268,4268,,1,,,
1646,3,5/4/23,TJ/Max,,104,LMB,380,2203,2203,,1,,,
1647,3,5/4/23,TJ/Max,,104,LMB,383,1542,1542,,1,,,
1648,3,5/4/23,TJ/Max,,104,LMB,393,4278,4278,,1,,,
1649,3,5/4/23,TJ/Max,,104,LMB,404,1550,1550,,1,,,
1650,3,5/4/23,TJ/Max,,104,LMB,442,1541,1541,,1,,,
1651,3,5/4/23,TJ/Max,,104,LMB,480,4267,4267,,1,,,
1652,3,5/4/23,TJ/Max,,104,LMB,404,4284,4284,,1,,,
1653,3,5/4/23,TJ/Max,,104,LMB,371,1546,1546,,1,,,
1654,3,5/4/23,TJ/Max,,84,LMB,332,2202,2202,,1,,,
1655,3,5/4/23,TJ/Max,,84,LMB,368,1543,1543,,1,,,
1656,3,5/4/23,TJ/Max,,84,LMB,435,1549,1549,,1,,,
1657,3,5/4/23,TJ/Max,,84,LMB,325,4281,4281,,1,,,
1658,3,5/4/23,TJ/Max,,84,LMB,321,1540,1540,,1,,,
1659,3,5/4/23,TJ/Max,,84,LMB,325,4271,4271,,1,,,
1660,3,5/4/23,TJ/Max,,113,LMB,385,4269,4269,,1,,,
1661,3,5/4/23,TJ/Max,,113,LMB,435,4274,4274,,1,,,
1662,3,5/4/23,TJ/Max,,113,LMB,546,4270,4270,,1,,,
1663,3,5/4/23,TJ/Max,,113,LMB,343,1544,1544,,1,,,
1664,3,5/4/23,TJ/Max,,113,LMB,324,2201,2201,,1,,,
1665,3,5/4/23,TJ/Max,,113,LMB,471,4272,4272,,1,,,
1666,3,5/4/23,TJ/Max,,113,LMB,337,4266,4266,,1,,,
1667,3,5/4/23,TJ/Max,,113,LMB,351,4265,4265,,1,,,
1668,3,5/4/23,TJ/Max,,113,LMB,348,1538,1538,,1,,,
1669,3,5/4/23,TJ/Max,,72,LMB,368,1537,1537,,1,,,
1670,3,5/4/23,TJ/Max,,98,ALB,485,4279,4279,,1,,,
1671,3,5/4/23,TJ/Max,,98,ALB,406,1545,1545,,1,,,
1672,3,5/4/23,TJ/Max,,98,ALB,391,4277,4277,,1,,,
1673,3,5/4/23,TJ/Max,,98,ALB,355,4285,4285,,1,,,
1674,3,5/4/23,TJ/Max,,98,ALB,320,4283,4283,,1,,,
1675,3,5/4/23,TJ/Max,,89,ALB,385,4273,4273,,1,,,
1676,3,5/4/23,TJ/Max,,89,ALB,348,1548,1548,,1,,,
1677,3,5/4/23,TJ/Max,,89,ALB,330,4276,4276,,1,,,
1678,3,5/4/23,TJ/Max,,89,ALB,340,4282,4282,,1,,,
1679,3,5/4/23,TJ/Max,,89,ALB,303,1547,1547,,1,,,
1680,3,5/4/23,TJ/Max,,89,ALB,316,4286,4286,,1,,,
1681,3,5/4/23,TJ/Max,,113,ALB,347,4264,4264,,1,,,
1682,3,5/4/23,TJ/Max,,72,ALB,373,4263,4263,,1,,,
1683,3,5/4/23,TJ/Max,,72,ALB,349,2205,2205,,1,,,
1684,3,5/4/23,TJ/Max,,72,ALB,388,4262,4262,,1,,,
1685,3,5/4/23,TJ/Max,,152,ALB,492,4257,4257,,1,,,
1686,3,5/4/23,TJ/Max,,152,ALB,366,4256,4256,,1,,,
1687,3,5/4/23,TJ/Max,,159,ALB,300,1531,1531,,1,,,
1688,3,5/4/23,TJ/Max,,91,ALB,333,4302,4302,,1,,,
1689,3,5/4/23,TJ/Max,,91,ALB,369,4301,4301,,1,,,
1690,3,5/4/23,TJ/Max,,91,ALB,312,1529,1529,,1,,,
1691,3,5/4/23,TJ/Max,,91,ALB,326,4304,4304,,1,,,
1692,3,5/4/23,TJ/Max,,91,ALB,330,4303,4303,,1,,,
1693,3,5/4/23,TJ/Max,,91,ALB,345,4305,4305,,1,,,
1694,3,5/4/23,TJ/Max,,91,ALB,366,4306,4306,,1,,,
1695,3,5/4/23,TJ/Max,,91,ALB,324,1528,1528,,1,,,
1696,3,5/4/23,TJ/Max,,91,ALB,413,4308,4308,,1,,,
1697,3,5/4/23,TJ/Max,,91,ALB,410,4307,4307,,1,,,
1698,3,5/4/23,TJ/Max,,91,ALB,423,1527,1527,,1,,,
1699,3,5/4/23,TJ/Max,,91,ALB,344,4309,4309,,1,,,
1700,3,5/4/23,TJ/Max,,91,ALB,306,4310,4310,,1,,,
1701,3,5/4/23,TJ/Max,,91,ALB,425,1526,1526,,1,,,
1702,3,5/4/23,TJ/Max,,91,ALB,447,4311,4311,,1,,,
1703,3,5/4/23,TJ/Max,,91,ALB,329,4312,4312,,1,,,
1704,3,5/4/23,TJ/Max,,91,ALB,313,2208,2208,,1,,,
1705,3,5/4/23,TJ/Max,,91,ALB,343,4313,4313,,1,,,
1706,3,5/4/23,TJ/Max,,91,ALB,316,4314,4314,,1,,,
1707,3,5/4/23,TJ/Max,,91,ALB,340,4316,4316,,1,,,
1708,3,5/4/23,TJ/Max,,91,ALB,331,1523,1523,,1,,,
1709,3,5/4/23,TJ/Max,,91,ALB,316,1522,1522,,1,,,
1710,3,5/4/23,TJ/Max,,91,ALB,327,4318,4318,,1,,,
1711,3,5/4/23,N/S,,206,ALB,399,4364,4364,,1,,,
1712,3,5/4/23,N/S,,206,ALB,404,4361,4361,,1,,,
1713,3,5/4/23,N/S,,198,ALB,416,5143,5143,,1,,,
1714,3,5/4/23,N/S,,198,ALB,315,5142,5142,,1,,,
1715,3,5/4/23,N/S,,198,ALB,320,4368,4368,,1,,,
1716,3,5/4/23,N/S,,198,ALB,373,4369,4369,,1,,,
1717,3,5/4/23,N/S,,198,ALB,438,5141,5141,,1,,,
1718,3,5/4/23,N/S,,198,ALB,405,2139,2139,,1,,,
1719,3,5/4/23,N/S,,198,ALB,420,4367,4367,,1,,,
1720,3,5/4/23,N/S,,198,ALB,338,4220,4220,,1,,,
1721,3,5/4/23,N/S,,198,ALB,316,5139,5139,,1,,,
1722,3,5/4/23,N/S,,198,ALB,346,4223,4223,,1,,,
1723,3,5/4/23,N/S,,198,ALB,318,4224,4224,,1,,,
1724,3,5/4/23,N/S,,198,ALB,302,4222,4222,,1,,,
1725,3,5/4/23,N/S,,198,ALB,421,5140,5140,,1,,,
1726,3,5/4/23,N/S,,198,ALB,402,2138,2138,,1,,,
1727,3,5/4/23,N/S,,198,ALB,398,5138,5138,,1,,,
1728,3,5/4/23,N/S,,198,ALB,362,4225,4225,,1,,,
1729,3,5/4/23,N/S,,198,ALB,355,4218,4218,,1,,,
1730,3,5/4/23,N/S,,198,ALB,360,4219,4219,,1,,,
1731,3,5/4/23,N/S,,198,ALB,370,4217,4217,,1,,,